_id,level,tag,jp_char_count,kind,general_audio,general_image,text_read,text_read_vn,text_read_en,question_label_1,question_1,question_image_1,answer_1,correct_answer_1,explain_vn_1,explain_en_1,question_label_2,question_2,question_image_2,answer_2,correct_answer_2,explain_vn_2,explain_en_2,question_label_3,question_3,question_image_3,answer_3,correct_answer_3,explain_vn_3,explain_en_3,question_label_4,question_4,question_image_4,answer_4,correct_answer_4,explain_vn_4,explain_en_4,question_label_5,question_5,question_image_5,answer_5,correct_answer_5,explain_vn_5,explain_en_5
N1_bc3eaafd85e74f5dafc35cffa5686e0b,N1,知性の本質 — 人間 vs AI,642,đọc hiểu tổng hợp,,,<div><section><span>Ａ</span><p>人間の知性とは、単に知識の量や情報処理の速さではなく、未知の状況に直面した際にいかに的確な判断を下せるかという点にこそ宿るといえよう。近年、人工知能の進歩は目覚ましく、膨大なデータを瞬時に解析し、従来であれば専門家が長時間かけて導き出していた結論を即座に提示する。しかし、それはあくまで既知のパターンの組み合わせに過ぎない。真に新しい事象、すなわちデータ化されていない状況に対して、機械はなお無力であると言わざるを得ない。これに対し、人間は経験と直感を駆使し、不完全な情報からでも判断を下すことができる。この創造的な直感こそが、知性の本質にほかならない。したがって我々はAIを道具として活用すべきであって、それを知性の代替と見なすべきではない。</p></section><section><span>Ｂ</span><p>知性の定義を人間の専売特許と捉える時代は既に終わったと考えるべきだ。確かに、現段階の人工知能は人間の直感や創造性を完全には模倣できない。しかし、それは単に技術的な未熟さに起因するものであって、原理的な不可能性ではない。直感と呼ばれるものも、脳内での膨大な無意識的計算の結果に過ぎず、十分な計算能力と質の高いデータがあれば、機械にも再現可能であろう。むしろ我々が警戒すべきは、人間の知性を神聖化するあまり、AIの到達しうる領域を過小評価することである。その態度こそが、技術の健全な発展を妨げる最大の要因になりかねない。AIが人間と異なる形で知性を発揮する未来を想定し、両者の協働のあり方を今こそ真剣に議論すべき段階に入っているといえよう。</p></section></div>,,,question_comprehensive_understanding,AとBで共通して述べられているのはどれか。,,"1. 現段階のAIは、新しい状況においても人間を凌駕する判断力を持っている。
2. 現段階のAIは、人間の直感や創造性を完全には再現できない。
3. AIの進歩は一時的な流行に過ぎず、いずれ停滞する可能性が高い。
4. 人間の知性は脳の無意識的計算に過ぎず、特別なものではない。",2,"Cả A và B đều thừa nhận rằng AI hiện tại chưa thể mô phỏng hoàn toàn trực giác/sáng tạo của con người. A coi đây là ranh giới bản chất, B coi đây là vấn đề kỹ thuật tạm thời — nhưng cả hai đều cùng nhận định thực tế hiện tại.",Both A and B acknowledge that current AI cannot fully replicate human intuition/creativity. A treats it as an essential limit; B treats it as a temporary technical gap — but both agree on the present factual state.,question_comprehensive_understanding,人間の直感について、AとBはどのように述べているか。,,"1. Aは直感を知性の本質と見なし、Bは直感も計算の結果であり機械でも再現可能と見なしている。
2. AもBも、直感は人間固有の神聖な能力であり機械には再現できないと主張している。
3. Aは直感は訓練で獲得するものと考え、Bは生まれつきのものと考えている。
4. Aは直感を不要と切り捨てるが、Bは直感こそがAIの限界を決めると強調している。",1,"A định nghĩa trực giác là ""bản chất của tri tuệ"" (知性の本質にほかならない) — cái không thể thay thế. B lập luận trực giác chỉ là ""kết quả của phép tính vô thức khổng lồ trong não"" (脳内での膨大な無意識的計算の結果) mà với đủ năng lực tính toán, máy cũng có thể tái tạo.",A defines intuition as the 'essence of intelligence' — irreducible. B argues intuition is merely 'the result of massive unconscious brain computation' and thus reproducible by machines given enough compute.,,,,,,,,,,,,,,,,,,,,,
N2_8c97b3a6205d482ea9e39b43bdcfd05f,N2,語学学習 独学 vs 教室,604,đọc hiểu tổng hợp,,,<div><section><span>Ａ</span><p>語学学習において、アプリや動画を使った独学は非常に効率的だと感じる。自分のペースで進められるうえ、通勤時間や家事の合間など、空いている時間を自由に活用できる点が大きな魅力である。最近のアプリは発音評価やAIチューターなど機能が充実しており、基礎から中級程度までなら独学でも十分に到達できるはずだ。</p><p>加えて、料金も教室に通うより格段に安い。月数百円から利用できるサービスも多く、経済的な負担が軽いため長期間継続しやすい。学習を日常生活に組み込むという観点からも、独学は現代の忙しい生活スタイルに合った方法だと考える。毎日少しずつ積み重ねることが、結局のところ最も確実な上達への道ではないだろうか。</p></section><section><span>Ｂ</span><p>独学で語学が身につく人は確かに存在するが、その割合は決して高くないのが現実である。多くの学習者は途中で挫折したり、誤った発音や文法を身につけたまま気づかなかったりする。特に会話力を伸ばしたい場合、自分の発話を客観的に評価してくれる相手がいないと、レベルはなかなか上がらないものだ。</p><p>教室に通うことには、仲間と刺激し合える環境や、計画的にカリキュラムが組まれているという利点がある。費用は独学より高いが、質問できる講師がいて、間違いをその場ですぐに直してもらえる価値は大きい。中級以降で伸び悩む人こそ、思い切って対面での学習を検討すべきだろう。独学の限界は、多くの人が思っているよりも意外と早く訪れるものなのである。</p></section></div>,,,question_comprehensive_understanding,AとBで共通して述べられていることは何か。,,"1. 語学学習には、必ず教室に通うことが必要である。
2. 独学とは、安価だが誰にでも向いている方法である。
3. 語学学習の方法には、それぞれ適した場面や限界がある。
4. 会話力を伸ばすには、アプリだけで十分である。",3,"A nói độc học hiệu quả cho trình độ cơ bản đến trung cấp; B nói độc học có giới hạn, nhất là khả năng giao tiếp và người đã ở trình độ trung cấp. Cả hai cùng thừa nhận mỗi phương pháp có phạm vi phù hợp riêng.","A says self-study is effective up to intermediate; B says self-study has limits, especially for conversation and post-intermediate learners. Both acknowledge each method suits certain contexts/limits.",question_comprehensive_understanding,語学学習の方法について、AとBはどのように述べているか。,,"1. AもBも、独学だけで十分にどのレベルにも到達できると述べている。
2. Aはアプリによる独学の効率と経済性を評価し、Bは対面教室の利点を重視している。
3. AもBも、教室通いこそが唯一の正しい方法だと述べている。
4. Aは初心者には教室を勧め、Bは中級者には独学を勧めている。",2,"A khẳng định ứng dụng/độc học rất hiệu quả và tiết kiệm cho tới mức trung cấp; B nhấn mạnh môi trường lớp học, giáo viên, và bạn đồng học — đặc biệt cho những ai đã trung cấp và muốn vượt qua. 2 lập trường rõ ràng đối lập.","A backs app/self-study as efficient and cheap up to intermediate; B emphasizes the classroom's teacher, peers, and feedback — especially for those past intermediate who want to break through. Two clearly opposing stances.",,,,,,,,,,,,,,,,,,,,,
