kanji,jlpt,onyomi,kunyomi
氏,N1,シ,うじ;-うじ
統,N1,トウ,す.べる
第,N1,ダイ;テイ,
派,N1,ハ,
挙,N1,キョ,あ.げる;あ.がる;こぞ.る
宮,N1,キュウ;グウ;ク;クウ,みや
策,N1,サク,
提,N1,テイ;チョウ;ダイ,さ.げる
結,N1,ケツ;ケチ,むす.ぶ;ゆ.う;ゆ.わえる
井,N1,セイ;ショウ,い
保,N1,ホ;ホウ,たも.つ
証,N1,ショウ,あかし
案,N1,アン,つくえ
護,N1,ゴ,まも.る
態,N1,タイ,わざ.と
裁,N1,サイ,た.つ;さば.く
幹,N1,カン,みき
松,N1,ショウ,まつ
佐,N1,サ,
票,N1,ヒョウ,
衛,N1,エイ;エ,
義,N1,ギ,
昭,N1,ショウ,
崎,N1,キ,さき;さい;みさき
視,N1,シ,み.る
企,N1,キ,くわだ.てる;たくら.む
藤,N1,トウ;ドウ,ふじ
沢,N1,タク,さわ;うるお.い;うるお.す;つや
基,N1,キ,もと;もとい
隊,N1,タイ,
援,N1,エン,
価,N1,カ;ケ,あたい
施,N1,シ;セ,ほどこ.す
矢,N1,シ,や
株,N1,シュ,かぶ
士,N1,シ,さむらい
姿,N1,シ,すがた
応,N1,オウ;ヨウ;-ノウ,あた.る;まさに;こた.える
閣,N1,カク,
衆,N1,シュウ;シュ,おお.い
鮮,N1,セン,あざ.やか
整,N1,セイ,ととの.える;ととの.う
検,N1,ケン,しら.べる
織,N1,ショク;シキ,お.る;お.り;おり;-おり;-お.り
推,N1,スイ,お.す
弁,N1,ベン;ヘン,かんむり;わきま.える;わ.ける;はなびら;あらそ.う
討,N1,トウ,う.つ
博,N1,ハク;バク,
監,N1,カン,
審,N1,シン,つまび.らか;つぶさ.に
素,N1,ソ;ス,もと
憲,N1,ケン,
激,N1,ゲキ,はげ.しい
奈,N1,ナ;ナイ;ダイ,いかん;からなし
益,N1,エキ;ヤク,ま.す
系,N1,ケイ,
訴,N1,ソ,うった.える
功,N1,コウ;ク,いさお
盟,N1,メイ,
養,N1,ヨウ;リョウ,やしな.う
街,N1,ガイ;カイ,まち
詩,N1,シ,うた
刀,N1,トウ,かたな;そり
弓,N1,キュウ,ゆみ
従,N1,ジュウ;ショウ;ジュ,したが.う;したが.える;より
条,N1,ジョウ;チョウ;デキ,えだ;すじ
独,N1,ドク;トク,ひと.り
興,N1,コウ;キョウ,おこ.る;おこ.す
影,N1,エイ,かげ
沖,N1,チュウ,おき;おきつ;ちゅう.する;わく
就,N1,シュウ;ジュ,つ.く;つ.ける
撃,N1,ゲキ,う.つ
核,N1,カク,
厳,N1,ゲン;ゴン,おごそ.か;きび.しい;いか.めしい;いつくし
鹿,N1,ロク,しか;か
率,N1,ソツ;リツ;シュツ,ひき.いる
融,N1,ユウ,と.ける;と.かす
郡,N1,グン,こおり
遺,N1,イ;ユイ,のこ.す
紀,N1,キ,
丁,N1,チョウ;テイ;チン;トウ;チ,ひのと
渉,N1,ショウ,わた.る
模,N1,モ;ボ,
響,N1,キョウ,ひび.く
張,N1,チョウ,は.る;-は.り;-ば.り
汽,N1,キ,
宣,N1,セン,のたま.う
請,N1,セイ;シン;ショウ,こ.う;う.ける
器,N1,キ,うつわ
典,N1,テン;デン,ふみ;のり
展,N1,テン,
賀,N1,ガ,
攻,N1,コウ,せ.める
豆,N1,トウ;ズ,まめ;まめ-
盛,N1,セイ;ジョウ,も.る;さか.る;さか.ん
督,N1,トク,
催,N1,サイ,もよう.す;もよお.す
縄,N1,ジョウ,なわ;ただ.す
皇,N1,コウ;オウ,
臨,N1,リン,のぞ.む
及,N1,キュウ,およ.ぶ;およ.び;および;およ.ぼす
徳,N1,トク,
帳,N1,チョウ,とばり
熊,N1,ユウ,くま
源,N1,ゲン,みなもと
離,N1,リ,はな.れる;はな.す
創,N1,ソウ;ショウ,つく.る;はじ.める;きず;けず.しける
障,N1,ショウ,さわ.る
倉,N1,ソウ,くら
筋,N1,キン,すじ
唱,N1,ショウ,とな.える
摘,N1,テキ,つ.む
評,N1,ヒョウ,
郎,N1,ロウ;リョウ,おとこ
属,N1,ゾク;ショク,さかん;つく;やから
健,N1,ケン,すこ.やか
級,N1,キュウ,
旗,N1,キ,はた
潟,N1,セキ,かた;-がた
製,N1,セイ,
災,N1,サイ,わざわ.い
密,N1,ミツ,ひそ.か
振,N1,シン,ふ.る;ふ.れる;ふ.るう
梅,N1,バイ,うめ
我,N1,ガ,われ;わ;わ.が-;わが-
幕,N1,マク;バク,とばり
染,N1,セン,そ.める;そ.まる;し.みる;し.み
傷,N1,ショウ,きず;いた.む;いた.める
献,N1,ケン;コン,たてまつ.る
謝,N1,シャ,あやま.る
維,N1,イ,
浜,N1,ヒン,はま
秘,N1,ヒ,ひ.める;ひそ.か;かく.す
塁,N1,ルイ;ライ;スイ,とりで
邦,N1,ホウ,くに
遣,N1,ケン,つか.う;-つか.い;-づか.い;つか.わす;や.る
梨,N1,リ,なし
抗,N1,コウ,あらが.う
授,N1,ジュ,さず.ける;さず.かる
雄,N1,ユウ,お-;おす;おん
緊,N1,キン,し.める;し.まる
牧,N1,ボク,まき
縮,N1,シュク,ちぢ.む;ちぢ.まる;ちぢ.める;ちぢ.れる;ちぢ.らす
標,N1,ヒョウ,しるべ;しるし
羊,N1,ヨウ,ひつじ
廃,N1,ハイ,すた.れる;すた.る
射,N1,シャ,い.る;さ.す;う.つ
江,N1,コウ,え
僚,N1,リョウ,
揮,N1,キ,ふる.う
吉,N1,キチ;キツ,よし
岐,N1,キ;ギ,
径,N1,ケイ,みち;こみち;さしわたし;ただちに
笛,N1,テキ,ふえ
踏,N1,トウ,ふ.む;ふ.まえる
序,N1,ジョ,つい.で;ついで
壊,N1,カイ;エ,こわ.す;こわ.れる;やぶ.る
貴,N1,キ,たっと.い;とうと.い;たっと.ぶ;とうと.ぶ
債,N1,サイ,
舎,N1,シャ;セキ,やど.る
儀,N1,ギ,
納,N1,ノウ;ナッ;ナ;ナン;トウ,おさ.める;-おさ.める;おさ.まる
樹,N1,ジュ,き
継,N1,ケイ,つ.ぐ;まま-
至,N1,シ,いた.る
宗,N1,シュウ;ソウ,むね
闘,N1,トウ,たたか.う;あらそ.う
鏡,N1,キョウ;ケイ,かがみ
修,N1,シュウ;シュ,おさ.める;おさ.まる
葬,N1,ソウ,ほうむ.る
避,N1,ヒ,さ.ける;よ.ける
銭,N1,セン;ゼン,ぜに;すき
司,N1,シ,つかさど.る
康,N1,コウ,
酸,N1,サン,す.い
故,N1,コ,ゆえ;ふる.い;もと
逮,N1,タイ,
誕,N1,タン,
迫,N1,ハク,せま.る
桜,N1,オウ;ヨウ,さくら
惑,N1,ワク,まど.う
句,N1,ク,
崩,N1,ホウ,くず.れる;-くず.れ;くず.す
聴,N1,チョウ;テイ,き.く;ゆる.す
滋,N1,ジ;シ,
脱,N1,ダツ,ぬ.ぐ;ぬ.げる
訳,N1,ヤク,わけ
伊,N1,イ,かれ
巣,N1,ソウ,す;す.くう
締,N1,テイ,し.まる;し.まり;し.める;-し.め;-じ.め
執,N1,シツ;シュウ,と.る
奏,N1,ソウ,かな.でる
郷,N1,キョウ;ゴウ,さと
房,N1,ボウ,ふさ
撤,N1,テツ,
削,N1,サク,けず.る;はつ.る;そ.ぐ
措,N1,ソ,お.く
環,N1,カン,わ
己,N1,コ;キ,おのれ;つちのと;な
載,N1,サイ,の.せる;の.る
陣,N1,ジン,
為,N1,イ,ため;な.る;な.す;す.る;たり;つく.る;なり
抑,N1,ヨク,おさ.える
忠,N1,チュウ,
墓,N1,ボ,はか
沿,N1,エン,そ.う;-ぞ.い
芽,N1,ガ,め
誠,N1,セイ,まこと
択,N1,タク,えら.ぶ
秀,N1,シュウ,ひい.でる
徴,N1,チョウ;チ,しるし
批,N1,ヒ,
俳,N1,ハイ,
弾,N1,ダン;タン,ひ.く;-ひ.き;はず.む;たま;はじ.く;はじ.ける;ただ.す;はじ.きゆみ
償,N1,ショウ,つぐな.う
拠,N1,キョ;コ,よ.る
拒,N1,キョ;ゴ,こば.む
刑,N1,ケイ,
媛,N1,エン,ひめ
塚,N1,チョウ,つか;-づか
致,N1,チ,いた.す
飼,N1,シ,か.う
繰,N1,ソウ,く.る
聖,N1,セイ;ショウ,ひじり
尾,N1,ビ,お
描,N1,ビョウ,えが.く;か.く
鈴,N1,レイ;リン,すず
盤,N1,バン,
項,N1,コウ,うなじ
喪,N1,ソウ,も
伴,N1,ハン;バン,ともな.う
往,N1,オウ,い.く;いにしえ;さき.に;ゆ.く
懸,N1,ケン;ケ,か.ける;か.かる
契,N1,ケイ,ちぎ.る
掲,N1,ケイ,かか.げる
躍,N1,ヤク,おど.る
棄,N1,キ,す.てる
敵,N1,テキ,かたき;あだ;かな.う
邸,N1,テイ,やしき
還,N1,カン,かえ.る
慮,N1,リョ,おもんぱく.る;おもんぱか.る
拡,N1,カク;コウ,ひろ.がる;ひろ.げる;ひろ.める
肥,N1,ヒ,こ.える;こえ;こ.やす;こ.やし;ふと.る
枠,N1,,わく
脈,N1,ミャク,すじ
潮,N1,チョウ,しお;うしお
露,N1,ロ;ロウ,つゆ
緩,N1,カン,ゆる.い;ゆる.やか;ゆる.む;ゆる.める
節,N1,セツ;セチ,ふし;-ぶし;のっと
鋼,N1,コウ,はがね
需,N1,ジュ,
縦,N1,ジュウ,たて
購,N1,コウ,
異,N1,イ,こと;こと.なる;け
充,N1,ジュウ,あ.てる;み.たす
眼,N1,ガン;ゲン,まなこ;め
貢,N1,コウ;ク,みつ.ぐ
却,N1,キャク,かえ.って;しりぞ.く;しりぞ.ける
端,N1,タン,はし;は;はた;-ばた;はな
獲,N1,カク,え.る
併,N1,ヘイ,あわ.せる
徹,N1,テツ,
衝,N1,ショウ,つ.く
焦,N1,ショウ,こ.げる;こ.がす;こ.がれる;あせ.る;じ.れる;じ.らす
奪,N1,ダツ,うば.う
浦,N1,ホ,うら
析,N1,セキ,
譲,N1,ジョウ,ゆず.る
称,N1,ショウ,たた.える;とな.える;あ.げる;かな.う;はか.り;はか.る;ほめ.る
挑,N1,チョウ,いど.む
誘,N1,ユウ,さそ.う;いざな.う
紛,N1,フン,まぎ.れる;-まぎ.れ;まぎ.らす;まぎ.らわす;まぎ.らわしい
潔,N1,ケツ,いさぎよ.い
促,N1,ソク,うなが.す
救,N1,キュウ,すく.う
仁,N1,ジン;ニ;ニン,
慎,N1,シン,つつし.む;つつ.ましい;つつし;つつし.み
控,N1,コウ,ひか.える;ひか.え
握,N1,アク,にぎ.る
俊,N1,シュン,
渋,N1,ジュウ;シュウ,しぶ;しぶ.い;しぶ.る
銃,N1,ジュウ,つつ
携,N1,ケイ,たずさ.える;たずさ.わる
診,N1,シン,み.る
託,N1,タク,かこつ.ける;かこ.つ;かこ.つける
撮,N1,サツ,と.る;つま.む;-ど.り
穴,N1,ケツ,あな
侵,N1,シン,おか.す
括,N1,カツ,くく.る
志,N1,シ,シリング;こころざ.す;こころざし
朗,N1,ロウ,ほが.らか;あき.らか
駆,N1,ク,か.ける;か.る
透,N1,トウ,す.く;す.かす;す.ける;とう.る;とう.す
津,N1,シン,つ
稲,N1,トウ;テ,いね;いな-
肺,N1,ハイ,
裂,N1,レツ,さ.く;さ.ける;-ぎ.れ
敏,N1,ビン,さとい
是,N1,ゼ;シ,これ;この;ここ
排,N1,ハイ,
裕,N1,ユウ,
堅,N1,ケン,かた.い;-がた.い
芝,N1,シ,しば
綱,N1,コウ,つな
扱,N1,ソウ;キュウ,あつか.い;あつか.う;あつか.る;こ.く
顧,N1,コ,かえり.みる
訟,N1,ショウ,
熟,N1,ジュク,う.れる
戒,N1,カイ,いまし.める
祉,N1,シ,
恩,N1,オン,
誉,N1,ヨ,ほま.れ;ほ.める
歓,N1,カン,よろこ.ぶ
勧,N1,カン;ケン,すす.める
騒,N1,ソウ,さわ.ぐ;うれい;さわ.がしい
陛,N1,ヘイ,
閥,N1,バツ,
甲,N1,コウ;カン,きのえ
揺,N1,ヨウ,ゆ.れる;ゆ.る;ゆ.らぐ;ゆ.るぐ;ゆ.する;ゆ.さぶる;ゆ.すぶる;うご.く
免,N1,メン,まぬか.れる;まぬが.れる
既,N1,キ,すで.に
薦,N1,セン,すす.める
隣,N1,リン,とな.る;となり
華,N1,カ;ケ,はな
範,N1,ハン,
隠,N1,イン;オン,かく.す;かく.し;かく.れる;よ.る
哲,N1,テツ,さとい;あきらか
杉,N1,サン,すぎ
釈,N1,シャク;セキ,とく;す.てる;ゆる.す
妥,N1,ダ,
威,N1,イ,おど.す;おど.し;おど.かす
糖,N1,トウ,
豪,N1,ゴウ,えら.い
滞,N1,タイ;テイ,とどこお.る
微,N1,ビ,かす.か
隆,N1,リュウ,
俵,N1,ヒョウ,たわら
症,N1,ショウ,
暫,N1,ザン,しばら.く
肝,N1,カン,きも
喚,N1,カン,わめ.く
妙,N1,ミョウ;ビョウ,たえ
索,N1,サク,
智,N1,チ,
襲,N1,シュウ,おそ.う;かさ.ね
覧,N1,ラン,み.る
懇,N1,コン,ねんご.ろ
柄,N1,ヘイ,がら;え;つか
奮,N1,フン,ふる.う
驚,N1,キョウ,おどろ.く;おどろ.かす
麻,N1,マ;マア,あさ
善,N1,ゼン,よ.い;い.い;よ.く;よし.とする
剤,N1,ザイ;スイ;セイ,かる;けず.る
瀬,N1,ライ,せ
趣,N1,シュ,おもむき;おもむ.く
陥,N1,カン,おちい.る;おとしい.れる
斎,N1,サイ,とき;つつし.む;ものいみ;い.む;いわ.う;いつ.く
貫,N1,カン,つらぬ.く;ぬ.く;ぬき
仙,N1,セン;セント,
慰,N1,イ,なぐさ.める;なぐさ.む
旬,N1,ジュン;シュン,
兼,N1,ケン,か.ねる;-か.ねる
旨,N1,シ,むね;うま.い
即,N1,ソク,つ.く;つ.ける;すなわ.ち
柳,N1,リュウ,やなぎ
偽,N1,ギ;カ,いつわ.る;にせ;いつわ.り
覇,N1,ハ;ハク,はたがしら
詳,N1,ショウ,くわ.しい;つまび.らか
抵,N1,テイ,
脅,N1,キョウ,おびや.かす;おど.す;おど.かす
后,N1,コウ;ゴ,きさき
茂,N1,モ,しげ.る
犠,N1,ギ;キ,いけにえ
距,N1,キョ,へだ.たる;けづめ
弘,N1,コウ;グ,ひろ.い
雅,N1,ガ,みや.び
飾,N1,ショク,かざ.る;かざ.り
班,N1,ハン,
網,N1,モウ,あみ
竜,N1,リュウ;リョウ;ロウ,たつ;いせ
繁,N1,ハン,しげ.る;しげ.く
翼,N1,ヨク,つばさ
魅,N1,ミ,
嫌,N1,ケン;ゲン,きら.う;きら.い;いや
斉,N1,セイ;サイ,そろ.う;ひと.しい;ひと.しく;あたる;はやい
敷,N1,フ,し.く;-し.き
擁,N1,ヨウ,
圏,N1,ケン,かこ.い
罰,N1,バツ;バチ;ハツ,ばっ.する
滅,N1,メツ,ほろ.びる;ほろ.ぶ;ほろ.ぼす
礎,N1,ソ,いしずえ
腐,N1,フ,くさ.る;-くさ.る;くさ.れる;くさ.れ;くさ.らす;くさ.す
脚,N1,キャク;キャ;カク,あし
尽,N1,ジン;サン,つ.きる;つ.くす;つ.かす;-づ.く;-ず.く;ことごと.く
僕,N1,ボク,しもべ
滑,N1,カツ;コツ,すべ.る;なめ.らか
孤,N1,コ,
炎,N1,エン,ほのお
賠,N1,バイ,
頑,N1,ガン,かたく.な
鎖,N1,サ,くさり;とざ.す
彩,N1,サイ,いろど.る
寸,N1,スン,
摩,N1,マ,ま.する;さす.る;す.る
励,N1,レイ,はげ.む;はげ.ます
彦,N1,ゲン,ひこ
輝,N1,キ,かがや.く
蓄,N1,チク,たくわ.える
軸,N1,ジク,
巡,N1,ジュン,めぐ.る;めぐ.り
稼,N1,カ,かせ.ぐ
磁,N1,ジ,
瞬,N1,シュン,またた.く;まじろ.ぐ
阿,N1,ア;オ,おもね.る;くま
砲,N1,ホウ,
噴,N1,フン,ふ.く
誇,N1,コ,ほこ.る
祥,N1,ショウ,さいわ.い;きざ.し;よ.い;つまび.らか
牲,N1,セイ,
秩,N1,チツ,
帝,N1,テイ,みかど
唆,N1,サ,そそ.る;そそのか.す
阻,N1,ソ,はば.む
泰,N1,タイ,
賄,N1,ワイ,まかな.う
撲,N1,ボク,
堀,N1,クツ,ほり
菊,N1,キク,
絞,N1,コウ,しぼ.る;し.める;し.まる
垂,N1,スイ,た.れる;た.らす;た.れ;-た.れ;なんなんと.す
李,N1,リ,すもも
縁,N1,エン;-ネン,ふち;ふち.どる;ゆかり;よすが;へり;えにし
唯,N1,ユイ;イ,ただ
浩,N1,コウ,おおき.い;ひろ.い
膨,N1,ボウ,ふく.らむ;ふく.れる
耐,N1,タイ,た.える
塾,N1,ジュク,
漏,N1,ロウ,も.る;も.れる;も.らす
仮,N1,カ;ケ,かり;かり-
慶,N1,ケイ,よろこ.び
猛,N1,モウ,
芳,N1,ホウ,かんば.しい
懲,N1,チョウ,こ.りる;こ.らす;こ.らしめる
剣,N1,ケン,つるぎ
穀,N1,コク,
彰,N1,ショウ,
棋,N1,キ,ご
恒,N1,コウ,つね;つねに
揚,N1,ヨウ,あ.げる;-あ.げ;あ.がる
冒,N1,ボウ,おか.す
倫,N1,リン,
陳,N1,チン,ひ.ねる
憶,N1,オク,
潜,N1,セン,ひそ.む;もぐ.る;かく.れる;くぐ.る;ひそ.める
克,N1,コク,か.つ
岳,N1,ガク,たけ
概,N1,ガイ,おおむ.ね
拘,N1,コウ,かか.わる
黙,N1,モク;ボク,だま.る;もだ.す
須,N1,ス;シュ,すべから.く;すべし;ひげ;まつ;もち.いる;もと.める
偏,N1,ヘン,かたよ.る
雰,N1,フン,
遇,N1,グウ,あ.う
諮,N1,シ,はか.る
卓,N1,タク,
亀,N1,キ;キュウ;キン,かめ
糧,N1,リョウ;ロウ,かて
腸,N1,チョウ,はらわた;わた
簿,N1,ボ,
炉,N1,ロ,いろり
殊,N1,シュ,こと
殖,N1,ショク,ふ.える;ふ.やす
艦,N1,カン,
輩,N1,ハイ,-ばら;やから;やかい;ともがら
奇,N1,キ,く.しき;あや.しい;くし;めずら.しい
慢,N1,マン,
鶴,N1,カク,つる
謀,N1,ボウ;ム,はか.る;たばか.る;はかりごと
舌,N1,ゼツ,した
拍,N1,ハク;ヒョウ,
寛,N1,カン,くつろ.ぐ;ひろ.い;ゆる.やか
覆,N1,フク,おお.う;くつがえ.す;くつがえ.る
胞,N1,ホウ,
泣,N1,キュウ,な.く
隔,N1,カク,へだ.てる;へだ.たる
浄,N1,ジョウ;セイ,きよ.める;きよ.い
没,N1,ボツ;モツ,おぼ.れる;しず.む;ない
暇,N1,カ,ひま;いとま
貞,N1,テイ;ジョウ,ただし.い;さだ
鑑,N1,カン,かんが.みる;かがみ
陰,N1,イン,かげ;かげ.る
銘,N1,メイ,
随,N1,ズイ,まにま.に;したが.う
烈,N1,レツ,はげ.しい
尋,N1,ジン,たず.ねる;ひろ
稿,N1,コウ,わら;したがき
丹,N1,タン,に
啓,N1,ケイ,ひら.く;さと.す
丘,N1,キュウ,おか
棟,N1,トウ,むね;むな-
壌,N1,ジョウ,つち
漫,N1,マン,みだり.に;そぞ.ろ
玄,N1,ゲン,くろ;くろ.い
粘,N1,ネン,ねば.る
悟,N1,ゴ,さと.る
舗,N1,ホ,
妊,N1,ニン;ジン,はら.む;みごも.る
騰,N1,トウ,あが.る;のぼ.る
遂,N1,スイ,と.げる;つい.に
狂,N1,キョウ,くる.う;くる.おしい;くるお.しい
緯,N1,イ,よこいと;ぬき
培,N1,バイ,つちか.う
衰,N1,スイ,おとろ.える
艇,N1,テイ,
屈,N1,クツ,かが.む;かが.める
淡,N1,タン,あわ.い
宏,N1,コウ,ひろ.い
絹,N1,ケン,きぬ
抽,N1,チュウ,ひき-
披,N1,ヒ,
廷,N1,テイ,
錦,N1,キン,にしき
准,N1,ジュン,
賃,N1,チン,
奨,N1,ショウ;ソウ,すす.める
浸,N1,シン,ひた.す;ひた.る;つ.かる
剰,N1,ジョウ,あまつさえ;あま.り;あま.る
胆,N1,タン,きも
繊,N1,セン,
駒,N1,ク,こま
虚,N1,キョ;コ,むな.しい;うつ.ろ
尺,N1,シャク;セキ,さし
霊,N1,レイ;リョウ,たま
悔,N1,カイ,く.いる;く.やむ;くや.しい
諭,N1,ユ,さと.す
惨,N1,サン;ザン,みじ.め;いた.む;むご.い
虐,N1,ギャク,しいた.げる
翻,N1,ホン;ハン,ひるがえ.る;ひるがえ.す
墜,N1,ツイ,お.ちる;お.つ
沼,N1,ショウ,ぬま
据,N1,キョ,す.える;す.わる
徐,N1,ジョ,おもむ.ろに
搭,N1,トウ,
盾,N1,ジュン,たて
滝,N1,ロウ;ソウ,たき
軌,N1,キ,
妨,N1,ボウ,さまた.げる
之,N1,シ,の;これ;ゆく;この
擦,N1,サツ,す.る;す.れる;-ず.れ;こす.る;こす.れる
鯨,N1,ゲイ,くじら
荘,N1,ソウ;ショウ;チャン,ほうき;おごそ.か
諾,N1,ダク,
雷,N1,ライ,かみなり;いかずち;いかづち
漂,N1,ヒョウ,ただよ.う
懐,N1,カイ;エ,ふところ;なつ.かしい;なつ.かしむ;なつ.く;なつ.ける;なず.ける;いだ.く;おも.う
勘,N1,カン,
栽,N1,サイ,
拐,N1,カイ,
駄,N1,ダ;タ,
添,N1,テン,そ.える;そ.う
冠,N1,カン,かんむり
斜,N1,シャ,なな.め;はす
宙,N1,チュウ,
浪,N1,ロウ,
亜,N1,ア,つ.ぐ
詐,N1,サ,いつわ.る
壇,N1,ダン;タン,
勲,N1,クン,いさお
魔,N1,マ,
酬,N1,シュウ;シュ;トウ,むく.いる
紫,N1,シ,むらさき
紋,N1,モン,
卸,N1,シャ,おろ.す;おろし;おろ.し
欄,N1,ラン,てすり
逸,N1,イツ,そ.れる;そ.らす;はぐ.れる
操,N1,ソウ;サン,みさお;あやつ.る
涯,N1,ガイ,はて
拓,N1,タク,ひら.く
獄,N1,ゴク,
尚,N1,ショウ,なお
彫,N1,チョウ,ほ.る;-ぼ.り
穏,N1,オン,おだ.やか
顕,N1,ケン,あきらか;あらわ.れる
巧,N1,コウ,たく.み;たく.む;うま.い
矛,N1,ム;ボウ,ほこ
垣,N1,エン,かき
欺,N1,ギ,あざむ.く
釣,N1,チョウ,つ.る;つ.り;つ.り-
昌,N1,ショウ,さかん
粛,N1,シュク;スク,つつし.む
愚,N1,グ,おろ.か
遭,N1,ソウ,あ.う;あ.わせる
架,N1,カ,か.ける;か.かる
鬼,N1,キ,おに;おに-
庶,N1,ショ,
稚,N1,チ;ジ,いとけない;おさない;おくて;おでる
靖,N1,セイ;ジョウ,やす.んじる
幻,N1,ゲン,まぼろし
煮,N1,シャ,に.る;-に;に.える;に.やす
姫,N1,キ,ひめ;ひめ-
誓,N1,セイ,ちか.う
把,N1,ハ;ワ,
践,N1,セン,ふ.む
呈,N1,テイ,
疎,N1,ソ;ショ,うと.い;うと.む;まば.ら
仰,N1,ギョウ;コウ,あお.ぐ;おお.せ;お.っしゃる;おっしゃ.る
剛,N1,ゴウ,
疾,N1,シツ,はや.い
征,N1,セイ,
砕,N1,サイ,くだ.く;くだ.ける
也,N1,ヤ;エ,なり;か;また
謡,N1,ヨウ,うた.い;うた.う
嫁,N1,カ,よめ;とつ.ぐ;い.く;ゆ.く
謙,N1,ケン,へりくだ.る
嘆,N1,タン,なげ.く;なげ.かわしい
菌,N1,キン,
鎌,N1,レン;ケン,かま
看,N1,カン,み.る
頻,N1,ヒン,しき.りに
琴,N1,キン;ゴン,こと
棚,N1,ホウ,たな;-だな
旭,N1,キョク,あさひ
酷,N1,コク,ひど.い
宰,N1,サイ,
廊,N1,ロウ,
寂,N1,ジャク;セキ,さび;さび.しい;さび.れる;さみ.しい
伏,N1,フク,ふ.せる;ふ.す
碁,N1,ゴ,
俗,N1,ゾク,
漠,N1,バク,
邪,N1,ジャ,よこし.ま
晶,N1,ショウ,
墨,N1,ボク,すみ
鎮,N1,チン,しず.める;しず.まる;おさえ
洞,N1,ドウ,ほら
履,N1,リ,は.く
劣,N1,レツ,おと.る
那,N1,ナ;ダ,なに;なんぞ;いかん
殴,N1,オウ,なぐ.る
暑,N1,ショ,あつ.い
娠,N1,シン,
奉,N1,ホウ;ブ,たてまつ.る;まつ.る;ほう.ずる
磯,N1,キ,いそ
憂,N1,ユウ,うれ.える;うれ.い;う.い;う.き
朴,N1,ボク,ほう;ほお;えのき
亭,N1,テイ;チン,
怪,N1,カイ;ケ,あや.しい;あや.しむ
酔,N1,スイ,よ.う;よ.い;よ
惜,N1,セキ,お.しい;お.しむ
穫,N1,カク,
佳,N1,カ,
潤,N1,ジュン,うるお.う;うるお.す;うる.む
悼,N1,トウ,いた.む
乏,N1,ボウ,とぼ.しい;とも.しい
該,N1,ガイ,
赴,N1,フ,おもむ.く
桑,N1,ソウ,くわ
髄,N1,ズイ,
虎,N1,コ,とら
盆,N1,ボン,
穂,N1,スイ,ほ
壮,N1,ソウ,さかん
堤,N1,テイ,つつみ
飢,N1,キ,う.える
傍,N1,ボウ,かたわ.ら;わき;おか-;はた;そば
疫,N1,エキ;ヤク,
累,N1,ルイ,
痴,N1,チ,し.れる;おろか
搬,N1,ハン,
癒,N1,ユ,い.える;いや.す;い.やす
郭,N1,カク,くるわ
尿,N1,ニョウ,ゆばり;いばり;しと
凶,N1,キョウ,
吐,N1,ト,は.く;つ.く
宴,N1,エン,うたげ
賓,N1,ヒン,まろうど;したがう
虜,N1,リョ;ロ,とりこ;とりく
陶,N1,トウ,すえ
鐘,N1,ショウ,かね
憾,N1,カン,うら.む
弥,N1,ミ;ビ,や;いや;いよ.いよ;わた.る
昆,N1,コン,
粗,N1,ソ,あら.い;あら-
訂,N1,テイ,ただ.す
傘,N1,サン,かさ
聡,N1,ソウ,さと.い;みみざと.い
騎,N1,キ,
寧,N1,ネイ,むし.ろ
循,N1,ジュン,
忍,N1,ニン,しの.ぶ;しの.ばせる
怠,N1,タイ,おこた.る;なま.ける
如,N1,ジョ;ニョ,ごと.し
蚕,N1,サン;テン,かいこ;こ
寮,N1,リョウ,
曙,N1,ショ,あけぼの
鉛,N1,エン,なまり
珠,N1,シュ,たま
凝,N1,ギョウ,こ.る;こ.らす;こご.らす;こご.らせる;こご.る
苗,N1,ビョウ;ミョウ,なえ;なわ-
獣,N1,ジュウ,けもの;けだもの
哀,N1,アイ,あわ.れ;あわ.れむ;かな.しい
跳,N1,チョウ,は.ねる;と.ぶ;-と.び
匠,N1,ショウ,たくみ
蛇,N1,ジャ;ダ;イ;ヤ,へび
澄,N1,チョウ,す.む;す.ます;-す.ます
縫,N1,ホウ,ぬ.う
僧,N1,ソウ,
眺,N1,チョウ,なが.める
呉,N1,ゴ,く.れる;くれ
凡,N1,ボン;ハン,およ.そ;おうよ.そ;すべ.て
憩,N1,ケイ,いこ.い;いこ.う
溝,N1,コウ,みぞ
恭,N1,キョウ,うやうや.しい
萩,N1,シュウ,はぎ
刈,N1,ガイ;カイ,か.る
睡,N1,スイ,ねむ.る;ねむ.い
錯,N1,サク;シャク,
伯,N1,ハク,
栗,N1,リツ;リ,くり;おののく
陵,N1,リョウ,みささぎ
霧,N1,ム;ボウ;ブ,きり
嘉,N1,カ,よみ.する;よい
魂,N1,コン,たましい;たま
弊,N1,ヘイ,
妃,N1,ヒ,きさき
舶,N1,ハク,
餓,N1,ガ,う.える
窮,N1,キュウ;キョウ,きわ.める;きわ.まる;きわ.まり;きわ.み
掌,N1,ショウ,てのひら;たなごころ
麗,N1,レイ,うるわ.しい;うら.らか
臭,N1,シュウ,くさ.い;-くさ.い;にお.う;にお.い
悦,N1,エツ,よろこ.ぶ;よろこ.ばす
刃,N1,ジン;ニン,は;やいば;き.る
縛,N1,バク,しば.る
暦,N1,レキ;リャク,こよみ
宜,N1,ギ,よろ.しい;よろ.しく
盲,N1,モウ,めくら
粋,N1,スイ,いき
辱,N1,ジョク,はずかし.める
轄,N1,カツ,くさび
猿,N1,エン,さる
弦,N1,ゲン,つる
窒,N1,チツ,
炊,N1,スイ,た.く;-だ.き
洪,N1,コウ,
摂,N1,セツ;ショウ,おさ.める;かね.る;と.る
飽,N1,ホウ,あ.きる;あ.かす;あ.く
冗,N1,ジョウ,
桃,N1,トウ,もも
狩,N1,シュ,か.る;か.り;-が.り
朱,N1,シュ,あけ
渦,N1,カ,うず
紳,N1,シン,
枢,N1,スウ;シュ,とぼそ;からくり
碑,N1,ヒ,いしぶみ
鍛,N1,タン,きた.える
鼓,N1,コ,つづみ
裸,N1,ラ,はだか
猶,N1,ユウ;ユ,なお
塊,N1,カイ;ケ,かたまり;つちくれ
辰,N1,シン;ジン,たつ
旋,N1,セン,め.ぐる;いばり
幣,N1,ヘイ,ぬさ
霞,N1,カ;ゲ,かすみ;かす.む
膜,N1,マク,
扇,N1,セン,おうぎ
槽,N1,ソウ,ふね
慈,N1,ジ,いつく.しむ
伐,N1,バツ;ハツ;カ;ボチ,き.る;そむ.く;う.つ
漬,N1,シ,つ.ける;つ.かる;-づ.け;-づけ
糾,N1,キュウ,ただ.す
墳,N1,フン,
坪,N1,ヘイ,つぼ
紺,N1,コン,
娯,N1,ゴ,
羅,N1,ラ,うすもの
淳,N1,ジュン;シュン,あつ.い
峡,N1,キョウ;コウ,はざま
俸,N1,ホウ,
厘,N1,リン,
峰,N1,ホウ,みね;ね
醸,N1,ジョウ,かも.す
弔,N1,チョウ,とむら.う;とぶら.う
乙,N1,オツ;イツ,おと-;きのと
鳩,N1,キュウ;ク,はと;あつ.める
汁,N1,ジュウ,しる;-しる;つゆ
尼,N1,ニ,あま
遍,N1,ヘン,あまね.く
衡,N1,コウ,
薫,N1,クン,かお.る
恵,N1,ケイ;エ,めぐ.む;めぐ.み
猟,N1,リョウ,かり;か.る
款,N1,カン,
閲,N1,エツ,けみ.する
偵,N1,テイ,
桂,N1,ケイ,かつら
喝,N1,カツ,
敢,N1,カン,あ.えて;あ.えない;あ.えず
胎,N1,タイ,
晋,N1,シン,すす.む
酵,N1,コウ,
憤,N1,フン,いきどお.る
豚,N1,トン,ぶた
遮,N1,シャ,さえぎ.る
扉,N1,ヒ,とびら
硫,N1,リュウ,
赦,N1,シャ,ゆる.す
窃,N1,セツ,ぬす.む;ひそ.か
泡,N1,ホウ,あわ
又,N1,ユウ,また;また-;また.の-
晃,N1,コウ,あきらか
慨,N1,ガイ,なげ.く
紡,N1,ボウ,つむ.ぐ
桐,N1,トウ;ドウ,きり
恨,N1,コン,うら.む;うら.めしい
肪,N1,ボウ,
扶,N1,フ,たす.ける
戯,N1,ギ;ゲ,たわむ.れる;ざ.れる;じゃ.れる
忌,N1,キ,い.む;い.み;い.まわしい
濁,N1,ダク;ジョク,にご.る;にご.す
奔,N1,ホン,はし.る
斗,N1,ト;トウ,
鷹,N1,ヨウ;オウ,たか
迅,N1,ジン,
肖,N1,ショウ,あやか.る
鉢,N1,ハチ;ハツ,
朽,N1,キュウ,く.ちる
殻,N1,カク;コク;バイ,から;がら
享,N1,キョウ;コウ,う.ける
猪,N1,チョ,い;いのしし
紘,N1,コウ,おおづな;つな;つなぐ
藩,N1,ハン,
沙,N1,サ;シャ,すな;よなげる
媒,N1,バイ,なこうど
鶏,N1,ケイ,にわとり;とり
禅,N1,ゼン;セン,しずか;ゆず.る
嘱,N1,ショク,しょく.する;たの.む
胴,N1,ドウ,
庄,N1,ショウ;ソ;ソウ;ホウ,
敦,N1,トン;タイ;ダン;チョウ,あつ.い
迭,N1,テツ,
挿,N1,ソウ,さ.す;はさ.む
嵐,N1,ラン,あらし
椎,N1,ツイ;スイ,つち;う.つ
陪,N1,バイ,
剖,N1,ボウ,
譜,N1,フ,
祐,N1,ユウ;ウ,たす.ける
鵬,N1,ホウ,おおとり
悠,N1,ユウ,
淑,N1,シュク,しと.やか
帆,N1,ハン,ほ
暁,N1,ギョウ;キョウ,あかつき;さと.る
傑,N1,ケツ,すぐ.れる
奴,N1,ド,やつ;やっこ
錠,N1,ジョウ,
拳,N1,ケン;ゲン,こぶし
遷,N1,セン,うつ.る;うつ.す;みやこがえ
拙,N1,セツ,つたな.い
侍,N1,ジ;シ,さむらい;はべ.る
峠,N1,,とうげ
篤,N1,トク,あつ.い
亘,N1,コウ;カン;セン,わた.る;もと.める
渇,N1,カツ,かわ.く
叔,N1,シュク,
雌,N1,シ,め-;めす;めん
堪,N1,カン;タン,た.える;たま.る;こら.える;こた.える
叙,N1,ジョ,つい.ず;ついで
酢,N1,サク,す
吟,N1,ギン,
逓,N1,テイ,かわ.る;たがいに
笹,N1,,ささ
甚,N1,ジン,はなは.だ;はなは.だしい
崇,N1,スウ,あが.める
漆,N1,シツ,うるし
岬,N1,コウ,みさき
癖,N1,ヘキ,くせ;くせ.に
愉,N1,ユ,たの.しい;たの.しむ
礁,N1,ショウ,
綾,N1,リン,あや
屯,N1,トン,たむろ
姻,N1,イン,
擬,N1,ギ,まが.い;もど.き
塀,N1,ヘイ;ベイ,
毅,N1,キ;ギ,つよ.い
唇,N1,シン,くちびる
睦,N1,ボク;モク,むつ.まじい;むつ.む;むつ.ぶ
閑,N1,カン,
幽,N1,ユウ,ふか.い;かす.か;くら.い;しろ.い
稔,N1,ネン;ジン;ニン,みの.る;みのり
曹,N1,ソウ;ゾウ,
詠,N1,エイ,よ.む;うた.う
卑,N1,ヒ,いや.しい;いや.しむ;いや.しめる
侮,N1,ブ,あなど.る;あなず.る
鋳,N1,チュウ;イ;シュ;シュウ,い.る
抹,N1,マツ,
尉,N1,イ;ジョウ,
隷,N1,レイ,したが.う;しもべ
禍,N1,カ,わざわい
酪,N1,ラク,
茎,N1,ケイ;キョウ,くき
帥,N1,スイ,
逝,N1,セイ,ゆ.く;い.く
匿,N1,トク,かくま.う
襟,N1,キン,えり
蛍,N1,ケイ,ほたる
寡,N1,カ,
痢,N1,リ,
庸,N1,ヨウ,
坑,N1,コウ,
楊,N1,ヨウ,やなぎ
藍,N1,ラン,あい
駿,N1,シュン;スン,すぐ.れる
賊,N1,ゾク,
搾,N1,サク,しぼ.る
亮,N1,リョウ,あきらか
畔,N1,ハン,あぜ;くろ;ほとり
唄,N1,バイ,うた;うた.う
孔,N1,コウ;ク,あな
呂,N1,ロ;リョ,せぼね
暖,N1,ダン;ノン,あたた.か;あたた.かい;あたた.まる;あたた.める
拷,N1,ゴウ,
椿,N1,チン;チュン,つばき
嬢,N1,ジョウ,むすめ
渓,N1,ケイ,たに;たにがわ
翁,N1,オウ,おきな
廉,N1,レン,
圭,N1,ケイ;ケ,
謹,N1,キン,つつし.む
蓮,N1,レン,はす;はちす
瞳,N1,ドウ;トウ,ひとみ
湧,N1,ユウ;ヨウ;ユ,わ.く
窯,N1,ヨウ,かま
褒,N1,ホウ,ほ.める
醜,N1,シュウ,みにく.い;しこ
壁,N1,ヘキ,かべ
升,N1,ショウ,ます
殉,N1,ジュン,
煩,N1,ハン;ボン,わずら.う;わずら.わす;うるさ.がる;うるさ.い
劾,N1,ガイ,
堕,N1,ダ,お.ちる;くず.す;くず.れる
租,N1,ソ,
桟,N1,サン;セン,かけはし
婿,N1,セイ,むこ
慕,N1,ボ,した.う
罷,N1,ヒ,まか.り-;や.める
矯,N1,キョウ,た.める
某,N1,ボウ,それがし;なにがし
囚,N1,シュウ,とら.われる
瑞,N1,ズイ;スイ,みず-;しるし
虹,N1,コウ,にじ
泌,N1,ヒツ;ヒ,
漸,N1,ゼン,ようや.く;やや;ようよ.う;すす.む
伍,N1,ゴ,いつつ
蚊,N1,ブン,か
蘭,N1,ラン;ラ,
厄,N1,ヤク,
藻,N1,ソウ,も
嫡,N1,チャク;テキ,
秦,N1,シン,はた
茅,N1,ボウ;ミョウ,かや;ちがや
輔,N1,ホ;フ,たす.ける
嚇,N1,カク,おど.す
凸,N1,トツ,でこ
韻,N1,イン,
霜,N1,ソウ,しも
硝,N1,ショウ,
勅,N1,チョク,いまし.める;みことのり
郁,N1,イク,
棺,N1,カン,
儒,N1,ジュ,
楠,N1,ナン;ダン;ゼン;ネン,くす;くすのき
愁,N1,シュウ,うれ.える;うれ.い
玲,N1,レイ,
楼,N1,ロウ,たかどの
眉,N1,ビ;ミ,まゆ
翔,N1,ショウ,かけ.る;と.ぶ
薪,N1,シン,たきぎ;まき
肇,N1,チョウ;ジョウ;トウ,はじ.める;はじめ
褐,N1,カツ,
賜,N1,シ,たまわ.る;たま.う;たも.う
繕,N1,ゼン,つくろ.う
亨,N1,コウ;キョウ;ホウ,とお.る
栓,N1,セン,
嶺,N1,レイ;リョウ,みね
凹,N1,オウ,くぼ.む;へこ.む;ぼこ
艶,N1,エン,つや;なま.めかしい;あで.やか;つや.めく;なま.めく
喬,N1,キョウ,たか.い
錬,N1,レン,ね.る
寅,N1,イン,とら
乃,N1,ナイ;ダイ;ノ;アイ,の;すなわ.ち;なんじ
洲,N1,シュウ;ス,しま
衷,N1,チュウ,
樺,N1,カ,かば;かんば
逐,N1,チク,
槙,N1,テン;シン,まき;こずえ
斥,N1,セキ,しりぞ.ける
巌,N1,ガン,いわ;いわお;けわ.しい
詔,N1,ショウ,みことのり
胡,N1,ウ;コ;ゴ,なんぞ
峻,N1,シュン,けわ.しい;たか.い
憧,N1,ショウ;トウ;ドウ,あこが.れる
槻,N1,キ,つき
宵,N1,ショウ,よい
蝶,N1,チョウ,
妄,N1,モウ;ボウ,みだ.りに
酌,N1,シャク,く.む
琢,N1,タク,みが.く
頒,N1,ハン,わ.かつ;わ.ける
蕉,N1,ショウ,
肢,N1,シ,
琉,N1,リュウ;ル,
朋,N1,ホウ,とも
謄,N1,トウ,
遼,N1,リョウ,
橘,N1,キツ,たちばな
嗣,N1,シ,
漱,N1,ソウ;シュウ;ス,くちすす.ぐ;くちそそ.ぐ;うがい;すす.ぐ
苑,N1,エン;オン,その;う.つ
巽,N1,ソン,たつみ
杜,N1,ト;トウ;ズ,もり;ふさ.ぐ;やまなし
畝,N1,ボウ;ホ;モ;ム,せ;うね
抄,N1,ショウ,
欣,N1,キン;ゴン;コン,よろこ.ぶ;よろこ.び
爽,N1,ソウ,あき.らか;さわ.やか;たがう
惰,N1,ダ,
蛮,N1,バン,えびす
旺,N1,オウ,さかん
巴,N1,ハ,ともえ;うずまき
禎,N1,テイ,さいわ.い
較,N1,カク;コウ,くら.べる
壱,N1,イチ;イツ,ひとつ
瑠,N1,ル;リュウ,
稜,N1,リョウ;ロウ,いつ;かど
倭,N1,ワ;イ,やまと;したが.う
侯,N1,コウ,
斐,N1,ヒ;イ,
弧,N1,コ,
魁,N1,カイ,さきがけ;かしら
鴻,N1,コウ;ゴウ,おおとり;ひしくい;おおがり
於,N1,オ;ヨ,おい.て;お.ける;ああ;より
赳,N1,キュウ,
葵,N1,キ,あおい
禄,N1,ロク,さいわ.い;ふち
孟,N1,モウ;ボウ;ミョウ,かしら
附,N1,フ,つ.ける;つ.く
尭,N1,ギョウ,たか.い
但,N1,タン,ただ.し
巳,N1,シ,み
暢,N1,チョウ,のび.る
芋,N1,ウ,いも
芹,N1,キン,せり
杏,N1,キョウ;アン;コウ,あんず
鳳,N1,ホウ;フウ,
馨,N1,ケイ;キョウ,かお.る;かおり
婆,N1,バ,ばば;ばあ
慧,N1,ケイ;エ,さとい
彬,N1,ヒン;フン,うるわ.しい;あき.らか
匡,N1,キョウ;オウ,すく.う;ただ.す
欽,N1,キン;コン,つつし.む
倣,N1,ホウ,なら.う
嵯,N1,サ;シ,
綜,N1,ソウ,おさ.める;す.べる
翠,N1,スイ,かわせみ;みどり
鮎,N1,デン;ネン,あゆ;なまず
倹,N1,ケン,つま.しい;つづまやか
榛,N1,シン;ハン,はしばみ;はり
惣,N1,ソウ,すべ.て
蔦,N1,チョウ,つた
繭,N1,ケン,まゆ;きぬ
伎,N1,ギ;キ,わざ;わざおぎ
瞭,N1,リョウ,あきらか
朕,N1,チン,
虞,N1,グ,おそれ;おもんぱか.る;はか.る;うれ.える;あざむ.く;あやま.る;のぞ.む;たの.しむ
遵,N1,ジュン,
汰,N1,タ;タイ,おご.る;にご.る;よな.げる
爵,N1,シャク,
采,N1,サイ,と.る;いろどり
冶,N1,ヤ,い.る
旦,N1,タン;ダン,あき.らか;あきら;ただし;あさ;あした
塑,N1,ソ,でく
耗,N1,モウ;コウ,
痘,N1,トウ,
吏,N1,リ,
斤,N1,キン,
弐,N1,ニ;ジ,ふた.つ;そえ
箇,N1,カ;コ,
墾,N1,コン,は.る;ひら.く
丙,N1,ヘイ,ひのえ
璃,N1,リ,
且,N1,ショ;ソ;ショウ,か.つ
謁,N1,エツ,
濫,N1,ラン,みだ.りに;みだ.りがましい
賦,N1,フ;ブ,
隼,N1,シュン;ジュン,はやぶさ
渚,N1,ショ,なぎさ
稀,N1,キ;ケ,まれ;まばら
芙,N1,フ,
皐,N1,コウ,さつき
雛,N1,スウ;ス;ジュ,ひな;ひよこ
惟,N1,イ;ユイ,おも.んみる;これ;おも.うに
佑,N1,ユウ;ウ,たす.ける
耀,N1,ヨウ,かがや.く;ひかり
黛,N1,タイ,まゆずみ
渥,N1,アク,あつ.い;うるお.う
惇,N1,シュン;ジュン;トン,あつ.い
脩,N1,シュウ,おさ.める;なが.い;ほじし
甫,N1,ホ;フ,はじ.めて
嬉,N1,キ,うれ.しい;たの.しむ
蒼,N1,ソウ,あお.い
暉,N1,キ,かが.やく
只,N1,シ,ただ
檀,N1,ダン;タン,まゆみ
凱,N1,ガイ;カイ,かちどき;やわらぐ
彗,N1,スイ;エ;ケイ;セイ,ほうき
梓,N1,シ,あずさ
丑,N1,チュウ,うし
叶,N1,キョウ,かな.える;かな.う
汐,N1,セキ,しお;うしお;せい
絢,N1,ケン,
朔,N1,サク,ついたち
伽,N1,カ;ガ;キャ;ギャ,とぎ
黎,N1,レイ;リ,くろ.い
冴,N1,ゴ;コ,さ.える;こお.る;ひ.える
萌,N1,ホウ,も.える;きざ.す;めばえ;きざ.し
偲,N1,サイ;シ,しの.ぶ
允,N1,イン,じょう;まこと.に;ゆるす
蒔,N1,シ;ジ,う.える;ま.く
鯉,N1,リ,こい
遥,N1,ヨウ,はる.か
舜,N1,シュン,
狭,N1,キョウ;コウ,せま.い;せば.める;せば.まる;さ
瑛,N1,エイ,
彪,N1,ヒョウ;ヒュウ,あや
卯,N1,ボウ;モウ,う
綺,N1,キ,あや
茜,N1,セン,あかね
凌,N1,リョウ,しの.ぐ
皓,N1,コウ,しろ.い;ひか.る
洸,N1,コウ,
毬,N1,キュウ,いが;まり
緋,N1,ヒ,あけ;あか
鯛,N1,チョウ,たい
怜,N1,レイ;レン;リョウ,あわ.れむ;さと.い
邑,N1,ユウ,むら
碧,N1,ヘキ;ヒャク,
啄,N1,タク;ツク;トク,ついば.む;つつ.く
穣,N1,ジョウ,わら;ゆたか
酉,N1,ユウ,とり
悌,N1,テイ;ダイ,
柚,N1,ユ;ユウ;ジク,ゆず
勁,N1,ケイ,つよ.い
晟,N1,セイ;ジョウ,あきらか
碩,N1,セキ,おお.きい
柊,N1,シュ;シュウ,ひいらぎ
凪,N1,,なぎ;な.ぐ
楓,N1,フウ,かえで
崚,N1,リョウ,
捷,N1,ショウ;ソウ,はや.い
柾,N1,,まさ;まさめ;まさき
竣,N1,ドウ;シュン,わらわ;わらべ;おわ.る
蕗,N1,ロ;ル,ふき
絃,N1,ゲン,いと
紗,N1,サ;シャ,うすぎぬ
詢,N1,ジュン;シュン,はか.る;まこと
侑,N1,ユウ;ウ,すす.める;たす.ける
昴,N1,コウ;ボウ,すばる
鞠,N1,キク;キュウ,まり
燦,N1,サン,さん.たる;あき.らか;きらめ.く;きら.めく
莉,N1,リ;ライ;レイ,
琳,N1,リン,
裟,N1,サ;シャ,
諒,N1,リョウ,あきら.か;まことに
嵩,N1,スウ;シュウ,かさ;かさ.む;たか.い
眸,N1,ボウ;ム,ひとみ
燿,N1,ヨウ,かがや.く;ひかり
栞,N1,カン,しおり
晨,N1,シン,あした;とき;あさ
衿,N1,キン;コン,えり
菫,N1,キン,すみれ
瑚,N1,コ;ゴ,
燎,N1,リョウ,かがりび
綸,N1,リン;カン,いと
匁,N1,,もんめ;め
侃,N1,カン,つよ.い
椰,N1,ヤ,やし
梢,N1,ショウ,こずえ;くすのき
誼,N1,ギ,よしみ;よい
耶,N1,ヤ;ジャ,か
茄,N1,カ,
澪,N1,レイ,みお
諄,N1,シュン,ひちくど.い;くど.い;くどくど;ねんご.ろ
椋,N1,リョウ,むく
梧,N1,ゴ,あおぎり
笙,N1,ショウ;ソウ,ふえ
錘,N1,スイ,つむ;おもり
麿,N1,,まろ
恕,N1,ジョ;ショ,ゆる.す
晏,N1,アン,おそ.い
袈,N1,ケ;カ,
宥,N1,ユウ,なだ.める;ゆる.す
玖,N1,キュウ;ク,
瑳,N1,サ,みが.く
頌,N1,ショウ;ジュ;ヨウ,かたち;たた.える;ほめ.る
倖,N1,コウ,しあわ.せ;さいわ.い
迪,N1,テキ,みち;みちび.く;すす.む;いた.る
銑,N1,セン,
捺,N1,ナツ;ダツ,さ.す;お.す
熙,N1,キ,たのし.む;ひか.る;ひろ.い;よろこ.ぶ;かわ.く;あきらか;ひろ.める;ひろ.まる
凜,N1,リン,きびし.い
洵,N1,ジュン;シュン,の.ぶ;まこと.に
叡,N1,エイ,あき.らか
瑶,N1,ヨウ,たま
哉,N1,サイ,かな;や
勺,N1,シャク,
脹,N1,チョウ,は.れる;ふく.らむ;ふく.れる
蓉,N1,ヨウ,
丞,N1,ジョウ;ショウ,すく.う;たす.ける
莞,N1,カン,い
爾,N1,ジ;ニ,なんじ;しかり;その;のみ;おれ;しか
菖,N1,ショウ,
麟,N1,リン,
奎,N1,ケイ;キ,
茉,N1,マツ;バツ;マ,
紬,N1,チュウ,つむぎ;つむ.ぐ
昂,N1,コウ;ゴウ,あ.がる;たか.い;たか.ぶる
伶,N1,レイ;リョウ,わざおぎ
胤,N1,イン,たね
亥,N1,ガイ;カイ,い
滉,N1,コウ,ひろ.い
亦,N1,エキ;ヤク,また
颯,N1,サツ;ソウ,さっ.と
党,N2,トウ,なかま;むら
村,N2,ソン,むら
協,N2,キョウ,
委,N2,イ,ゆだ.ねる
改,N2,カイ,あらた.める;あらた.まる
竹,N2,チク,たけ
区,N2,ク;オウ;コウ,
県,N2,ケン,か.ける
総,N2,ソウ,す.べて;すべ.て;ふさ
府,N2,フ,
領,N2,リョウ,えり
算,N2,サン,そろ
設,N2,セツ,もう.ける
島,N2,トウ,しま
玉,N2,ギョク,たま;たま-;-だま
軍,N2,グン,いくさ
線,N2,セン,すじ
森,N2,シン,もり
査,N2,サ,
各,N2,カク,おのおの
林,N2,リン,はやし
谷,N2,コク,たに;きわ.まる
団,N2,ダン;トン,かたまり;まる.い
細,N2,サイ,ほそ.い;ほそ.る;こま.か;こま.かい
丸,N2,ガン,まる;まる.める;まる.い
戸,N2,コ,と
農,N2,ノウ,
州,N2,シュウ;ス,す
勢,N2,セイ;ゼイ,いきお.い;はずみ
減,N2,ゲン,へ.る;へ.らす
虫,N2,チュウ;キ,むし
門,N2,モン,かど;と
再,N2,サイ;サ,ふたた.び
副,N2,フク,
税,N2,ゼイ,
糸,N2,シ,いと
革,N2,カク,かわ
羽,N2,ウ,は;わ;はね
営,N2,エイ,いとな.む;いとな.み
階,N2,カイ,きざはし
岩,N2,ガン,いわ
角,N2,カク,かど;つの
比,N2,ヒ,くら.べる
防,N2,ボウ,ふせ.ぐ
橋,N2,キョウ,はし
岸,N2,ガン,きし
星,N2,セイ;ショウ,ほし;-ぼし
辺,N2,ヘン,あた.り;ほと.り;-べ
境,N2,キョウ;ケイ,さかい
央,N2,オウ,
寺,N2,ジ,てら
導,N2,ドウ,みちび.く
貝,N2,バイ,かい
課,N2,カ,
極,N2,キョク;ゴク,きわ.める;きわ.まる;きわ.まり;きわ.み;き.める;-ぎ.め;き.まる
輸,N2,ユ;シュ,
根,N2,コン,ね;-ね
量,N2,リョウ,はか.る
述,N2,ジュツ,の.べる
武,N2,ブ;ム,たけ;たけ.し
象,N2,ショウ;ゾウ,かたど.る
補,N2,ホ,おぎな.う
鉄,N2,テツ,くろがね
額,N2,ガク,ひたい
管,N2,カン,くだ
油,N2,ユ;ユウ,あぶら
兵,N2,ヘイ;ヒョウ,つわもの
植,N2,ショク,う.える;う.わる
準,N2,ジュン,じゅん.じる;じゅん.ずる;なぞら.える;のり;ひと.しい;みずもり
賞,N2,ショウ,ほ.める
倍,N2,バイ,
造,N2,ゾウ,つく.る;つく.り;-づく.り
技,N2,ギ,わざ
録,N2,ロク,しる.す;と.る
復,N2,フク,また
省,N2,セイ;ショウ,かえり.みる;はぶ.く
波,N2,ハ,なみ
移,N2,イ,うつ.る;うつ.す
周,N2,シュウ,まわ.り
個,N2,コ;カ,
材,N2,ザイ,
毛,N2,モウ,け
練,N2,レン,ね.る;ね.り
域,N2,イキ,
型,N2,ケイ,かた;-がた
競,N2,キョウ;ケイ,きそ.う;せ.る;くら.べる
黄,N2,コウ;オウ,き;こ-
池,N2,チ,いけ
血,N2,ケツ,ち
雲,N2,ウン,くも;-ぐも
温,N2,オン,あたた.か;あたた.かい;あたた.まる;あたた.める;ぬく
担,N2,タン,かつ.ぐ;にな.う
史,N2,シ,
庫,N2,コ;ク,くら
坂,N2,ハン,さか
低,N2,テイ,ひく.い;ひく.める;ひく.まる
接,N2,セツ;ショウ,つ.ぐ
効,N2,コウ,き.く;ききめ;なら.う
児,N2,ジ;ニ;ゲイ,こ;-こ;-っこ
印,N2,イン,しるし;-じるし;しる.す
旧,N2,キュウ,ふる.い;もと
脳,N2,ノウ;ドウ,のうずる
輪,N2,リン,わ
板,N2,ハン;バン,いた
蔵,N2,ゾウ;ソウ,くら;おさ.める;かく.れる
清,N2,セイ;ショウ;シン,きよ.い;きよ.まる;きよ.める
億,N2,オク,
弱,N2,ジャク,よわ.い;よわ.る;よわ.まる;よわ.める
芸,N2,ゲイ;ウン,う.える;のり;わざ
陸,N2,リク;ロク,おか
編,N2,ヘン,あ.む;-あ.み
章,N2,ショウ,
帯,N2,タイ,お.びる;おび
固,N2,コ,かた.める;かた.まる;かた.まり;かた.い
針,N2,シン,はり
採,N2,サイ,と.る
専,N2,セン,もっぱ.ら
秒,N2,ビョウ,
卒,N2,ソツ;シュツ,そっ.する;お.える;お.わる;ついに;にわか
短,N2,タン,みじか.い
順,N2,ジュン,
歴,N2,レキ;レッキ,
城,N2,ジョウ;セイ,しろ
患,N2,カン,わずら.う
令,N2,レイ,
麦,N2,バク,むぎ
貿,N2,ボウ,
講,N2,コウ,
皮,N2,ヒ,かわ
貨,N2,カ,たから
河,N2,カ,かわ
航,N2,コウ,
柱,N2,チュウ,はしら
欧,N2,オウ,うた.う;は.く
季,N2,キ,
祭,N2,サイ,まつ.る;まつ.り;まつり
筆,N2,ヒツ,ふで
禁,N2,キン,
童,N2,ドウ,わらべ
逆,N2,ギャク;ゲキ,さか;さか.さ;さか.らう
香,N2,コウ;キョウ,か;かお.り;かお.る
久,N2,キュウ;ク,ひさ.しい
被,N2,ヒ,こうむ.る;おお.う;かぶ.る;かぶ.せる
暴,N2,ボウ;バク,あば.く;あば.れる
底,N2,テイ,そこ
券,N2,ケン,
緑,N2,リョク;ロク,みどり
軽,N2,ケイ;キョウ;キン,かる.い;かろ.やか;かろ.んじる
均,N2,キン,なら.す
希,N2,キ;ケ,まれ;こいねが.う
圧,N2,アツ;エン;オウ,お.す;へ.す;おさ.える;お.さえる
並,N2,ヘイ;ホウ,な.み;なみ;なら.べる;なら.ぶ;なら.びに
籍,N2,セキ,
停,N2,テイ,と.める;と.まる
仲,N2,チュウ,なか
栄,N2,エイ;ヨウ,さか.える;は.え;-ば.え;は.える;え
札,N2,サツ,ふだ
荷,N2,カ,に
含,N2,ガン,ふく.む;ふく.める
則,N2,ソク,のっと.る;のり;すなわち
将,N2,ショウ;ソウ,まさ.に;はた;まさ;ひきい.る;もって
測,N2,ソク,はか.る
豊,N2,ホウ;ブ,ゆた.か;とよ
跡,N2,セキ,あと
包,N2,ホウ,つつ.む;くる.む
厚,N2,コウ,あつ.い;あか
囲,N2,イ,かこ.む;かこ.う;かこ.い
略,N2,リャク,ほぼ;はぶ.く;おか.す;おさ.める;はかりごと;はか.る
況,N2,キョウ,まし.て;いわ.んや;おもむき
炭,N2,タン,すみ
焼,N2,ショウ,や.く;や.き;や.き-;-や.き;や.ける
装,N2,ソウ;ショウ,よそお.う;よそお.い
諸,N2,ショ,もろ
劇,N2,ゲキ,
版,N2,ハン,
照,N2,ショウ,て.る;て.らす;て.れる
湖,N2,コ,みずうみ
損,N2,ソン,そこ.なう;そこな.う;-そこ.なう;そこ.ねる;-そこ.ねる
群,N2,グン,む.れる;む.れ;むら;むら.がる
湯,N2,トウ,ゆ
仏,N2,ブツ;フツ,ほとけ
績,N2,セキ,
築,N2,チク,きず.く
混,N2,コン,ま.じる;-ま.じり;ま.ざる;ま.ぜる;こ.む
永,N2,エイ,なが.い
刊,N2,カン,
像,N2,ゾウ,
氷,N2,ヒョウ,こおり;ひ;こお.る
署,N2,ショ,
湾,N2,ワン,いりえ
漁,N2,ギョ;リョウ,あさ.る
布,N2,フ;ホ,ぬの;し.く;きれ
拾,N2,シュウ;ジュウ,ひろ.う
延,N2,エン,の.びる;の.べる;の.べ;の.ばす
乱,N2,ラン;ロン,みだ.れる;みだ.る;みだ.す;みだ;おさ.める;わた.る
訓,N2,クン;キン,おし.える;よ.む;くん.ずる
浴,N2,ヨク,あ.びる;あ.びせる
複,N2,フク,
塩,N2,エン,しお
承,N2,ショウ;ジョウ,うけたまわ.る;う.ける
兆,N2,チョウ,きざ.す;きざ.し
祝,N2,シュク;シュウ,いわ.う
捜,N2,ソウ;シュ;シュウ,さが.す
燃,N2,ネン,も.える;も.やす;も.す
庁,N2,チョウ;テイ,やくしょ
超,N2,チョウ,こ.える;こ.す
療,N2,リョウ,
層,N2,ソウ,
衣,N2,イ;エ,ころも;きぬ;-ぎ
裏,N2,リ,うら
鼻,N2,ビ,はな
介,N2,カイ,
臣,N2,シン;ジン,
浅,N2,セン,あさ.い
販,N2,ハン,
著,N2,チョ;チャク,あらわ.す;いちじる.しい
誌,N2,シ,
幅,N2,フク,はば
般,N2,ハン,
勇,N2,ユウ,いさ.む
械,N2,カイ,かせ
宇,N2,ウ,
快,N2,カイ,こころよ.い
刷,N2,サツ,す.る;-ず.り;-ずり;は.く
皿,N2,ベイ,さら
枚,N2,マイ;バイ,
換,N2,カン,か.える;-か.える;か.わる
貯,N2,チョ,た.める;たくわ.える
郵,N2,ユウ,
孫,N2,ソン,まご
占,N2,セン,し.める;うらな.う
骨,N2,コツ,ほね
届,N2,カイ,とど.ける;-とど.け;とど.く
巻,N2,カン;ケン,ま.く;まき;ま.き
伸,N2,シン,の.びる;の.ばす;の.べる;の.す
爆,N2,バク,は.ぜる
預,N2,ヨ,あず.ける;あず.かる
簡,N2,カン;ケン,えら.ぶ;ふだ
臓,N2,ゾウ,はらわた
律,N2,リツ;リチ;レツ,
液,N2,エキ,
普,N2,フ,あまね.く;あまねし
瓶,N2,ビン;ヘイ,かめ
齢,N2,レイ,よわい;とし
缶,N2,カン,かま
隻,N2,セキ,
純,N2,ジュン,
了,N2,リョウ,
翌,N2,ヨク,
灯,N2,トウ,ひ;ほ-;ともしび;とも.す;あかり
絡,N2,ラク,から.む;から.まる
片,N2,ヘン,かた-;かた
敬,N2,ケイ;キョウ,うやま.う
募,N2,ボ,つの.る
泉,N2,セン,いずみ
昇,N2,ショウ,のぼ.る
宝,N2,ホウ,たから
胸,N2,キョウ,むね;むな-
砂,N2,サ;シャ,すな
鉱,N2,コウ,あらがね
枝,N2,シ,えだ
尊,N2,ソン,たっと.い;とうと.い;たっと.ぶ;とうと.ぶ
毒,N2,ドク,
巨,N2,キョ,
震,N2,シン,ふる.う;ふる.える;ふる.わせる;ふる.わす
触,N2,ショク,ふ.れる;さわ.る;さわ
依,N2,イ;エ,よ.る
汚,N2,オ,けが.す;けが.れる;けが.らわしい;よご.す;よご.れる;きたな.い
幼,N2,ヨウ,おさな.い
粉,N2,フン,デシメートル;こ;こな
綿,N2,メン,わた
傾,N2,ケイ,かたむ.く;かたむ.ける;かたぶ.く;かた.げる;かし.げる
銅,N2,ドウ,あかがね
捨,N2,シャ,す.てる
駐,N2,チュウ,
紹,N2,ショウ,
乳,N2,ニュウ,ちち;ち
紅,N2,コウ;ク,べに;くれない;あか.い
雇,N2,コ,やと.う
替,N2,タイ,か.える;か.え-;か.わる
耕,N2,コウ,たがや.す
冊,N2,サツ;サク,ふみ
菜,N2,サイ,な
贈,N2,ゾウ;ソウ,おく.る
卵,N2,ラン,たまご
薄,N2,ハク,うす.い;うす-;-うす;うす.める;うす.まる;うす.らぐ;うす.ら-;うす.れる;すすき
干,N2,カン,ほ.す;ほ.し-;-ぼ.し;ひ.る
奥,N2,オウ,おく;おく.まる;くま
詰,N2,キツ;キチ,つ.める;つ.め;-づ.め;つ.まる;つ.む
双,N2,ソウ,ふた;たぐい;ならぶ;ふたつ
刺,N2,シ,さ.す;さ.さる;さ.し;さし;とげ
拝,N2,ハイ,おが.む;おろが.む
悩,N2,ノウ,なや.む;なや.ます;なや.ましい;なやみ
棒,N2,ボウ,
荒,N2,コウ,あ.らす;あ.れる;あら.い;すさ.ぶ;すさ.む;あ.らし
硬,N2,コウ,かた.い
埋,N2,マイ,う.める;う.まる;う.もれる;うず.める;うず.まる;い.ける
袋,N2,タイ;ダイ,ふくろ
封,N2,フウ;ホウ,
賢,N2,ケン,かしこ.い
腕,N2,ワン,うで
蒸,N2,ジョウ;セイ,む.す;む.れる;む.らす
床,N2,ショウ,とこ;ゆか
柔,N2,ジュウ;ニュウ,やわ.らか;やわ.らかい;やわ;やわ.ら
殿,N2,デン;テン,との;-どの
濃,N2,ノウ,こ.い
肩,N2,ケン,かた
零,N2,レイ,ぜろ;こぼ.す;こぼ.れる
詞,N2,シ,ことば
泊,N2,ハク,と.まる;と.める
胃,N2,イ,
甘,N2,カン,あま.い;あま.える;あま.やかす;うま.い
机,N2,キ,つくえ
掃,N2,ソウ;シュ,は.く
掘,N2,クツ,ほ.る
軟,N2,ナン,やわ.らか;やわ.らかい
沈,N2,チン;ジン,しず.む;しず.める
凍,N2,トウ,こお.る;こご.える;こご.る;い.てる;し.みる
灰,N2,カイ,はい
恋,N2,レン,こ.う;こい;こい.しい
郊,N2,コウ,
腰,N2,ヨウ,こし
踊,N2,ヨウ,おど.る
珍,N2,チン,めずら.しい;たから
喫,N2,キツ,の.む
溶,N2,ヨウ,と.ける;と.かす;と.く
涙,N2,ルイ;レイ,なみだ
匹,N2,ヒツ,ひき
鋭,N2,エイ,するど.い
塗,N2,ト,ぬ.る;ぬ.り;まみ.れる
軒,N2,ケン,のき
叫,N2,キョウ,さけ.ぶ
乾,N2,カン;ケン,かわ.く;かわ.かす;ほ.す;ひ.る;いぬい
祈,N2,キ,いの.る
汗,N2,カン,あせ
湿,N2,シツ;シュウ,しめ.る;しめ.す;うるお.う;うるお.す
咲,N2,ショウ,さ.く;-ざき
召,N2,ショウ,め.す
脂,N2,シ,あぶら
肌,N2,キ,はだ
鈍,N2,ドン,にぶ.い;にぶ.る;にぶ-;なま.る;なまく.ら
泥,N2,デイ;ナイ;デ;ニ,どろ;なず.む
隅,N2,グウ,すみ
辛,N2,シン,から.い;つら.い;-づら.い;かのと
磨,N2,マ,みが.く;す.る
姓,N2,セイ;ショウ,
筒,N2,トウ,つつ
粒,N2,リュウ,つぶ
畳,N2,ジョウ;チョウ,たた.む;たたみ;かさ.なる
膚,N2,フ,はだ
濯,N2,タク,すす.ぐ;ゆす.ぐ
塔,N2,トウ,
沸,N2,フツ,わ.く;わ.かす
菓,N2,カ,
帽,N2,ボウ;モウ,ずきん;おお.う
枯,N2,コ,か.れる;か.らす
涼,N2,リョウ,すず.しい;すず.む;すず.やか;うす.い;ひや.す;まことに
舟,N2,シュウ,ふね;ふな-;-ぶね
符,N2,フ,
憎,N2,ゾウ,にく.む;にく.い;にく.らしい;にく.しみ
肯,N2,コウ,がえんじ.る
燥,N2,ソウ,はしゃ.ぐ
畜,N2,チク,
挟,N2,キョウ;ショウ,はさ.む;はさ.まる;わきばさ.む;さしはさ.む
曇,N2,ドン,くも.る
滴,N2,テキ,しずく;したた.る
伺,N2,シ,うかが.う
政,N3,セイ;ショウ,まつりごと;まん
内,N3,ナイ;ダイ,うち
議,N3,ギ,
対,N3,タイ;ツイ,あいて;こた.える;そろ.い;つれあ.い;なら.ぶ;むか.う
部,N3,ブ,-べ
連,N3,レン,つら.なる;つら.ねる;つ.れる;-づ.れ
米,N3,ベイ;マイ;メエトル,こめ;よね
合,N3,ゴウ;ガッ;カッ,あ.う;-あ.う;あ.い;あい-;-あ.い;-あい;あ.わす;あ.わせる;-あ.わせる
市,N3,シ,いち
相,N3,ソウ;ショウ,あい-
定,N3,テイ;ジョウ,さだ.める;さだ.まる;さだ.か
回,N3,カイ;エ,まわ.る;-まわ.る;-まわ.り;まわ.す;-まわ.す;まわ.し-;-まわ.し;もとお.る;か.える
民,N3,ミン,たみ
当,N3,トウ,あ.たる;あ.たり;あ.てる;あ.て;まさ.に;まさ.にべし
実,N3,ジツ;シツ,み;みの.る;まこと;みの;みち.る
決,N3,ケツ,き.める;-ぎ.め;き.まる;さ.く
全,N3,ゼン,まった.く;すべ.て
選,N3,セン,えら.ぶ;え.る;よ.る
表,N3,ヒョウ,おもて;-おもて;あらわ.す;あらわ.れる;あら.わす
調,N3,チョウ,しら.べる;しら.べ;ととの.う;ととの.える
化,N3,カ;ケ,ば.ける;ば.かす;ふ.ける;け.する
関,N3,カン,せき;-ぜき;かか.わる;からくり;かんぬき
首,N3,シュ,くび
数,N3,スウ;ス;サク;ソク;シュ,かず;かぞ.える;しばしば;せ.める;わずらわ.しい
記,N3,キ,しる.す
戦,N3,セン,いくさ;たたか.う;おのの.く;そよ.ぐ;わなな.く
最,N3,サイ;シュ,もっと.も;つま
点,N3,テン,つ.ける;つ.く;た.てる;さ.す;とぼ.す;とも.す;ぼち
活,N3,カツ,い.きる;い.かす;い.ける
石,N3,セキ;シャク;コク,いし
原,N3,ゲン,はら
期,N3,キ;ゴ,
交,N3,コウ,まじ.わる;まじ.える;ま.じる;まじ.る;ま.ざる;ま.ぜる;-か.う;か.わす;かわ.す;こもごも
取,N3,シュ,と.る;と.り;と.り-;とり;-ど.り
和,N3,ワ;オ;カ,やわ.らぐ;やわ.らげる;なご.む;なご.やか;あ.える
約,N3,ヤク,つづ.まる;つづ.める;つづま.やか
平,N3,ヘイ;ビョウ;ヒョウ,たい.ら;たい.らげる;ひら
経,N3,ケイ;キョウ;キン,へ.る;た.つ;たていと;はか.る;のり
法,N3,ホウ;ハッ;ホッ;フラン,のり
組,N3,ソ,く.む;くみ;-ぐみ
受,N3,ジュ,う.ける;-う.け;う.かる
要,N3,ヨウ,い.る;かなめ
現,N3,ゲン,あらわ.れる;あらわ.す;うつつ;うつ.つ
治,N3,ジ;チ,おさ.める;おさ.まる;なお.る;なお.す
成,N3,セイ;ジョウ,な.る;な.す;-な.す
指,N3,シ,ゆび;さ.す;-さ.し
直,N3,チョク;ジキ;ジカ,ただ.ちに;なお.す;-なお.す;なお.る;なお.き;す.ぐ
機,N3,キ,はた
加,N3,カ,くわ.える;くわ.わる
性,N3,セイ;ショウ,さが
制,N3,セイ,
予,N3,ヨ;シャ,あらかじ.め
向,N3,コウ,む.く;む.い;-む.き;む.ける;-む.け;む.かう;む.かい;む.こう;む.こう-;むこ;むか.い
都,N3,ト;ツ,みやこ
勝,N3,ショウ,か.つ;-が.ち;まさ.る;すぐ.れる;かつ
務,N3,ム,つと.める
面,N3,メン;ベン,おも;おもて;つら
続,N3,ゾク;ショク;コウ;キョウ,つづ.く;つづ.ける;つぐ.ない
反,N3,ハン;ホン;タン;ホ,そ.る;そ.らす;かえ.す;かえ.る;-かえ.る
初,N3,ショ,はじ.め;はじ.めて;はつ;はつ-;うい-;-そ.める;-ぞ.め
進,N3,シン,すす.む;すす.める
引,N3,イン,ひ.く;ひ.ける
次,N3,ジ;シ,つ.ぐ;つぎ
王,N3,オウ;-ノウ,
共,N3,キョウ,とも;とも.に;-ども
係,N3,ケイ,かか.る;かかり;-がかり;かか.わる
番,N3,バン,つが.い
感,N3,カン,
投,N3,トウ,な.げる;-な.げ
打,N3,ダ;ダース,う.つ;う.ち-;ぶ.つ
両,N3,リョウ,てる;ふたつ
式,N3,シキ,
支,N3,シ,ささ.える;つか.える;か.う
参,N3,サン;シン,まい.る;まい-;まじわる;みつ
利,N3,リ,き.く
談,N3,ダン,
信,N3,シン,
報,N3,ホウ,むく.いる
形,N3,ケイ;ギョウ,かた;-がた;かたち;なり
流,N3,リュウ;ル,なが.れる;なが.れ;なが.す;-なが.す
局,N3,キョク,つぼね
側,N3,ソク,かわ;がわ;そば
放,N3,ホウ,はな.す;-っぱな.し;はな.つ;はな.れる;こ.く;ほう.る
得,N3,トク,え.る;う.る
求,N3,キュウ;グ,もと.める
解,N3,カイ;ゲ,と.く;と.かす;と.ける;ほど.く;ほぐ.す;わか.る;さと.る
資,N3,シ,
昨,N3,サク,
球,N3,キュウ,たま
際,N3,サイ,きわ;-ぎわ
官,N3,カン,
権,N3,ケン;ゴン,おもり;かり;はか.る
告,N3,コク,つ.げる
役,N3,ヤク;エキ,
変,N3,ヘン,か.わる;か.わり;か.える
産,N3,サン,う.む;う.まれる;うぶ-;む.す
草,N3,ソウ,くさ;くさ-;-ぐさ
由,N3,ユ;ユウ;ユイ,よし;よ.る
判,N3,ハン;バン,わか.る
所,N3,ショ,ところ;-ところ;どころ;とこ
済,N3,サイ;セイ,す.む;-ず.み;-ずみ;す.まない;す.ます;-す.ます;すく.う;な.す;わたし;わた.る
果,N3,カ,は.たす;はた.す;-は.たす;は.てる;-は.てる;は.て
消,N3,ショウ,き.える;け.す
神,N3,シン;ジン,かみ;かん-;こう-
在,N3,ザイ,あ.る
必,N3,ヒツ,かなら.ず
件,N3,ケン,くだん
科,N3,カ,
配,N3,ハイ,くば.る
争,N3,ソウ,あらそ.う;いか.でか
任,N3,ニン,まか.せる;まか.す
位,N3,イ,くらい;ぐらい
育,N3,イク,そだ.つ;そだ.ち;そだ.てる;はぐく.む
置,N3,チ,お.く;-お.き
想,N3,ソウ;ソ,おも.う
増,N3,ゾウ,ま.す;ま.し;ふ.える;ふ.やす
声,N3,セイ;ショウ,こえ;こわ-
情,N3,ジョウ;セイ,なさ.け
示,N3,ジ;シ,しめ.す
認,N3,ニン,みと.める;したた.める
助,N3,ジョ,たす.ける;たす.かる;す.ける;すけ
追,N3,ツイ,お.う
商,N3,ショウ,あきな.う
葉,N3,ヨウ,は
園,N3,エン,その
落,N3,ラク,お.ちる;お.ち;お.とす
確,N3,カク;コウ,たし.か;たし.かめる
馬,N3,バ,うま;うま-;ま
付,N3,フ,つ.ける;-つ.ける;-づ.ける;つ.け;つ.け-;-つ.け;-づ.け;-づけ;つ.く;-づ.く;つ.き;-つ.き;-つき;-づ.き;-づき
頭,N3,トウ;ズ;ト,あたま;かしら;-がしら;かぶり
容,N3,ヨウ,い.れる
負,N3,フ,ま.ける;ま.かす;お.う
演,N3,エン,
夫,N3,フ;フウ;ブ,おっと;それ
論,N3,ロン,あげつら.う
能,N3,ノウ,よ.く;あた.う
守,N3,シュ;ス,まも.る;まも.り;もり;-もり;かみ
美,N3,ビ;ミ,うつく.しい
命,N3,メイ;ミョウ,いのち
福,N3,フク,
格,N3,カク;コウ;キャク;ゴウ,
過,N3,カ,す.ぎる;す.ごす;あやま.ち;あやま.つ;よぎ.る;よ.ぎる
船,N3,セン,ふね;ふな-
害,N3,ガイ,
横,N3,オウ,よこ
深,N3,シン,ふか.い;-ぶか.い;ふか.まる;ふか.める;み-
常,N3,ジョウ,つね;とこ-
申,N3,シン,もう.す;もう.し-;さる
様,N3,ヨウ;ショウ,さま;さん
席,N3,セキ,むしろ
港,N3,コウ,みなと
状,N3,ジョウ,
残,N3,ザン;サン,のこ.る;のこ.す;そこな.う;のこ.り
職,N3,ショク;ソク,
念,N3,ネン,
構,N3,コウ,かま.える;かま.う
光,N3,コウ,ひか.る;ひかり
路,N3,ロ;ル,-じ;みち
労,N3,ロウ,ろう.する;いたわ.る;いた.ずき;ねぎら;つか.れる;ねぎら.う
例,N3,レイ,たと.える
然,N3,ゼン;ネン,しか;しか.り;しか.し;さ
費,N3,ヒ,つい.やす;つい.える
他,N3,タ,ほか
太,N3,タイ;タ,ふと.い;ふと.る
伝,N3,デン;テン,つた.わる;つた.える;つた.う;つだ.う;-づた.い;つて
客,N3,キャク;カク,
景,N3,ケイ,
断,N3,ダン,た.つ;ことわ.る;さだ.める
乗,N3,ジョウ;ショウ,の.る;-の.り;の.せる
登,N3,トウ;ト;ドウ;ショウ;チョウ,のぼ.る;あ.がる
疑,N3,ギ,うたが.う
速,N3,ソク,はや.い;はや-;はや.める;すみ.やか
規,N3,キ,
術,N3,ジュツ,すべ
号,N3,ゴウ,さけ.ぶ;よびな
備,N3,ビ,そな.える;そな.わる;つぶさ.に
失,N3,シツ,うしな.う;う.せる
絵,N3,カイ;エ,
差,N3,サ,さ.す;さ.し
末,N3,マツ;バツ,すえ;うら;うれ
種,N3,シュ,たね;-ぐさ
苦,N3,ク,くる.しい;-ぐる.しい;くる.しむ;くる.しめる;にが.い;にが.る
供,N3,キョウ;ク;クウ;グ,そな.える;とも;-ども
望,N3,ボウ;モウ,のぞ.む;もち
具,N3,グ,そな.える;つぶさ.に
観,N3,カン,み.る;しめ.す
察,N3,サツ,
割,N3,カツ,わ.る;わり;わ.り;わ.れる;さ.く
説,N3,セツ;ゼイ,と.く
難,N3,ナン,かた.い;-がた.い;むずか.しい;むづか.しい;むつか.しい;-にく.い
達,N3,タツ;ダ,-たち
優,N3,ユウ;ウ,やさ.しい;すぐ.れる;まさ.る
良,N3,リョウ,よ.い;-よ.い;い.い;-い.い
収,N3,シュウ,おさ.める;おさ.まる
限,N3,ゲン,かぎ.る;かぎ.り;-かぎ.り
顔,N3,ガン,かお
候,N3,コウ,そうろう
晴,N3,セイ,は.れる;は.れ;は.れ-;-ば.れ;は.らす
返,N3,ヘン,かえ.す;-かえ.す;かえ.る;-かえ.る
満,N3,マン;バン,み.ちる;み.つ;み.たす
敗,N3,ハイ,やぶ.れる
宿,N3,シュク,やど;やど.る;やど.す
宅,N3,タク,
歳,N3,サイ;セイ,とし;とせ;よわい
積,N3,セキ,つ.む;-づ.み;つ.もる;つ.もり
警,N3,ケイ,いまし.める
訪,N3,ホウ,おとず.れる;たず.ねる;と.う
雪,N3,セツ,ゆき
飛,N3,ヒ,と.ぶ;と.ばす;-と.ばす
単,N3,タン,ひとえ
幸,N3,コウ,さいわ.い;さち;しあわ.せ
非,N3,ヒ,あら.ず
完,N3,カン,
等,N3,トウ,ひと.しい;など;-ら
曲,N3,キョク,ま.がる;ま.げる;くま
庭,N3,テイ,にわ
給,N3,キュウ,たま.う;たも.う;-たま.え
与,N3,ヨ,あた.える;あずか.る;くみ.する;ともに
財,N3,ザイ;サイ;ゾク,たから
識,N3,シキ,し.る;しる.す
働,N3,ドウ,はたら.く
辞,N3,ジ,や.める;いな.む
好,N3,コウ,この.む;す.く;よ.い;い.い
退,N3,タイ,しりぞ.く;しりぞ.ける;ひ.く;の.く;の.ける;ど.く
鳴,N3,メイ,な.く;な.る;な.らす
愛,N3,アイ,いと.しい;かな.しい;め.でる;お.しむ;まな
程,N3,テイ,ほど;-ほど
富,N3,フ;フウ,と.む;とみ
未,N3,ミ;ビ,いま.だ;ま.だ;ひつじ
息,N3,ソク,いき
耳,N3,ジ,みみ
遠,N3,エン;オン,とお.い
冷,N3,レイ,つめ.たい;ひ.える;ひ.や;ひ.ややか;ひ.やす;ひ.やかす;さ.める;さ.ます
類,N3,ルイ,たぐ.い
若,N3,ジャク;ニャク;ニャ,わか.い;わか-;も.しくわ;も.し;も.しくは;ごと.し
違,N3,イ,ちが.う;ちが.い;ちが.える;-ちが.える;たが.う;たが.える
列,N3,レツ;レ,
熱,N3,ネツ,あつ.い
師,N3,シ,いくさ
遊,N3,ユウ;ユ,あそ.ぶ;あそ.ばす
覚,N3,カク,おぼ.える;さ.ます;さ.める;さと.る
君,N3,クン,きみ;-ぎみ
易,N3,エキ;イ,やさ.しい;やす.い
段,N3,ダン;タン,
殺,N3,サツ;サイ;セツ,ころ.す;-ごろ.し;そ.ぐ;あや.める
破,N3,ハ,やぶ.る;やぶ.れる;わ.れる
呼,N3,コ,よ.ぶ
責,N3,セキ,せ.める
才,N3,サイ,
努,N3,ド,つと.める
酒,N3,シュ,さけ;さか-
散,N3,サン,ち.る;ち.らす;-ち.らす;ち.らかす;ち.らかる;ち.らばる;ばら;ばら.ける
悲,N3,ヒ,かな.しい;かな.しむ
静,N3,セイ;ジョウ,しず-;しず.か;しず.まる;しず.める
値,N3,チ,ね;あたい
薬,N3,ヤク,くすり
因,N3,イン,よ.る;ちな.む
老,N3,ロウ,お.いる;ふ.ける
陽,N3,ヨウ,ひ
徒,N3,ト,いたずら;あだ
処,N3,ショ,ところ;-こ;お.る
歯,N3,シ,よわい;は;よわ.い;よわい.する
適,N3,テキ,かな.う
婦,N3,フ,よめ
寄,N3,キ,よ.る;-よ.り;よ.せる
否,N3,ヒ,いな;いや
余,N3,ヨ,あま.る;あま.り;あま.す;あんま.り
欠,N3,ケツ;ケン,か.ける;か.く
妻,N3,サイ,つま
存,N3,ソン;ゾン,ながら.える;あ.る;たも.つ;と.う
座,N3,ザ,すわ.る
険,N3,ケン,けわ.しい
礼,N3,レイ;ライ,
除,N3,ジョ;ジ,のぞ.く;-よ.け
渡,N3,ト,わた.る;-わた.る;わた.す
降,N3,コウ;ゴ,お.りる;お.ろす;ふ.る;ふ.り;くだ.る;くだ.す
願,N3,ガン,ねが.う;-ねがい
昔,N3,セキ;シャク,むかし
許,N3,キョ,ゆる.す;もと
危,N3,キ,あぶ.ない;あや.うい;あや.ぶむ
笑,N3,ショウ,わら.う;え.む
留,N3,リュウ;ル,と.める;と.まる;とど.める;とど.まる;るうぶる
罪,N3,ザイ,つみ
泳,N3,エイ,およ.ぐ
束,N3,ソク,たば;たば.ねる;つか;つか.ねる
精,N3,セイ;ショウ,しら.げる;くわ.しい
喜,N3,キ,よろこ.ぶ;よろこ.ばす
折,N3,セツ;シャク,お.る;おり;お.り;-お.り;お.れる
絶,N3,ゼツ,た.える;た.やす;た.つ
亡,N3,ボウ;モウ,な.い;な.き-;ほろ.びる;ほろ.ぶ;ほろ.ぼす
箱,N3,ソウ,はこ
掛,N3,カイ;ケイ,か.ける;-か.ける;か.け;-か.け;-が.け;か.かる;-か.かる;-が.かる;か.かり;-が.かり;かかり;-がかり
突,N3,トツ;カ,つ.く
背,N3,ハイ,せ;せい;そむ.く;そむ.ける
居,N3,キョ;コ,い.る;-い;お.る
雑,N3,ザツ;ゾウ,まじ.える;まじ.る
招,N3,ショウ,まね.く
賛,N3,サン,たす.ける;たた.える
犯,N3,ハン;ボン,おか.す
便,N3,ベン;ビン,たよ.り
似,N3,ジ,に.る;ひ.る
暗,N3,アン,くら.い;くら.む;くれ.る
迷,N3,メイ,まよ.う
夢,N3,ム;ボウ,ゆめ;ゆめ.みる;くら.い
捕,N3,ホ,と.らえる;と.らわれる;と.る;とら.える;とら.われる;つか.まえる;つか.まる
勤,N3,キン;ゴン,つと.める;-づと.め;つと.まる;いそ.しむ
迎,N3,ゲイ,むか.える
困,N3,コン,こま.る
彼,N3,ヒ,かれ;かの;か.の
刻,N3,コク,きざ.む;きざ.み
舞,N3,ブ,ま.う;-ま.う;まい
込,N3,,-こ.む;こ.む;こ.み;-こ.み;こ.める
欲,N3,ヨク,ほっ.する;ほ.しい
痛,N3,ツウ,いた.い;いた.む;いた.ましい;いた.める
探,N3,タン,さぐ.る;さが.す
頼,N3,ライ,たの.む;たの.もしい;たよ.る
閉,N3,ヘイ,と.じる;と.ざす;し.める;し.まる;た.てる
途,N3,ト,みち
抜,N3,バツ;ハツ;ハイ,ぬ.く;-ぬ.く;ぬ.き;ぬ.ける;ぬ.かす;ぬ.かる
暮,N3,ボ,く.れる;く.らす
慣,N3,カン,な.れる;な.らす
貧,N3,ヒン;ビン,まず.しい
祖,N3,ソ,
婚,N3,コン,
浮,N3,フ,う.く;う.かれる;う.かぶ;う.かべる
押,N3,オウ,お.す;お.し-;お.っ-;お.さえる;おさ.える
吸,N3,キュウ,す.う
倒,N3,トウ,たお.れる;-だお.れ;たお.す;さかさま;さかさ;さかしま
払,N3,フツ;ヒツ;ホツ,はら.う;-はら.い;-ばら.い
寒,N3,カン,さむ.い
遅,N3,チ,おく.れる;おく.らす;おそ.い
忘,N3,ボウ,わす.れる
更,N3,コウ,さら;さら.に;ふ.ける;ふ.かす
誤,N3,ゴ,あやま.る;-あやま.る
幾,N3,キ,いく-;いく.つ;いく.ら
抱,N3,ホウ,だ.く;いだ.く;かか.える
恐,N3,キョウ,おそ.れる;おそ.る;おそ.ろしい;こわ.い;こわ.がる
窓,N3,ソウ;ス,まど;てんまど;けむだし
戻,N3,レイ,もど.す;もど.る
越,N3,エツ;オツ,こ.す;-こ.す;-ご.し;こ.える;-ご.え
互,N3,ゴ,たが.い;かたみ.に
逃,N3,トウ,に.げる;に.がす;のが.す;のが.れる
緒,N3,ショ;チョ,お;いとぐち
腹,N3,フク,はら
頂,N3,チョウ,いただ.く;いただき
到,N3,トウ,いた.る
寝,N3,シン,ね.る;ね.かす;い.ぬ;みたまや;や.める
盗,N3,トウ,ぬす.む;ぬす.み
晩,N3,バン,
御,N3,ギョ;ゴ,おん-;お-;み-
吹,N3,スイ,ふ.く
娘,N3,ジョウ,むすめ;こ
怒,N3,ド;ヌ,いか.る;おこ.る
杯,N3,ハイ,さかずき
疲,N3,ヒ,つか.れる;-づか.れ;つか.らす
皆,N3,カイ,みな;みんな
煙,N3,エン,けむ.る;けむり;けむ.い
洗,N3,セン,あら.う
眠,N3,ミン,ねむ.る;ねむ.い
怖,N3,フ;ホ,こわ.い;こわ.がる;お.じる;おそ.れる
髪,N3,ハツ,かみ
忙,N3,ボウ;モウ,いそが.しい;せわ.しい;おそ.れる;うれえるさま
靴,N3,カ,くつ
恥,N3,チ,は.じる;はじ;は.じらう;は.ずかしい
偶,N3,グウ,たま
偉,N3,イ,えら.い
猫,N3,ビョウ,ねこ
会,N4,カイ;エ,あ.う;あ.わせる;あつ.まる
同,N4,ドウ,おな.じ
自,N4,ジ;シ,みずか.ら;おの.ずから;おの.ずと
事,N4,ジ;ズ,こと;つか.う;つか.える
社,N4,シャ,やしろ
力,N4,リョク;リキ;リイ,ちから
立,N4,リツ;リュウ;リットル,た.つ;-た.つ;た.ち-;た.てる;-た.てる;た.て-;たて-;-た.て;-だ.て;-だ.てる
手,N4,シュ;ズ,て;て-;-て;た-
地,N4,チ;ジ,
田,N4,デン,た
方,N4,ホウ,かた;-かた;-がた
発,N4,ハツ;ホツ,た.つ;あば.く;おこ.る;つか.わす;はな.つ
目,N4,モク;ボク,め;-め;ま-
場,N4,ジョウ;チョウ,ば
者,N4,シャ,もの
業,N4,ギョウ;ゴウ,わざ
明,N4,メイ;ミョウ;ミン,あ.かり;あか.るい;あか.るむ;あか.らむ;あき.らか;あ.ける;-あ.け;あ.く;あ.くる;あ.かす
新,N4,シン,あたら.しい;あら.た;あら-;にい-
正,N4,セイ;ショウ,ただ.しい;ただ.す;まさ;まさ.に
京,N4,キョウ;ケイ;キン,みやこ
公,N4,コウ;ク,おおやけ
通,N4,ツウ;ツ,とお.る;とお.り;-とお.り;-どお.り;とお.す;とお.し;-どお.し;かよ.う
員,N4,イン,
理,N4,リ,ことわり
体,N4,タイ;テイ,からだ;かたち
開,N4,カイ,ひら.く;ひら.き;-びら.き;ひら.ける;あ.く;あ.ける
文,N4,ブン;モン,ふみ;あや
問,N4,モン,と.う;と.い;とん
代,N4,ダイ;タイ,か.わる;かわ.る;かわ.り;か.わり;-がわ.り;-が.わり;か.える;よ;しろ
作,N4,サク;サ,つく.る;つく.り;-づく.り
用,N4,ヨウ,もち.いる
動,N4,ドウ,うご.く;うご.かす
言,N4,ゲン;ゴン,い.う;こと
強,N4,キョウ;ゴウ,つよ.い;つよ.まる;つよ.める;し.いる;こわ.い
野,N4,ヤ;ショ,の;の-
思,N4,シ,おも.う;おもえら.く;おぼ.す
家,N4,カ;ケ,いえ;や;うち
主,N4,シュ;ス;シュウ,ぬし;おも;あるじ
題,N4,ダイ,
町,N4,チョウ,まち
意,N4,イ,
心,N4,シン,こころ;-ごころ
度,N4,ド;ト;タク,たび;-た.い
教,N4,キョウ,おし.える;おそ.わる
持,N4,ジ,も.つ;-も.ち;も.てる
多,N4,タ,おお.い;まさ.に;まさ.る
口,N4,コウ;ク,くち
元,N4,ゲン;ガン,もと
近,N4,キン;コン,ちか.い
考,N4,コウ,かんが.える;かんが.え
画,N4,ガ;カク;エ;カイ,えが.く;かく.する;かぎ.る;はかりごと;はか.る
海,N4,カイ,うみ
早,N4,ソウ;サッ,はや.い;はや;はや-;はや.まる;はや.める;さ-
売,N4,バイ,う.る;う.れる
不,N4,フ;ブ,
世,N4,セイ;セ;ソウ,よ
空,N4,クウ,そら;あ.く;あ.き;あ.ける;から;す.く;す.かす;むな.しい
知,N4,チ,し.る;し.らせる
院,N4,イン,
計,N4,ケイ,はか.る;はか.らう
足,N4,ソク,あし;た.りる;た.る;た.す
界,N4,カイ,
字,N4,ジ,あざ;あざな;-な
音,N4,オン;イン;-ノン,おと;ね
朝,N4,チョウ,あさ
以,N4,イ,もっ.て
台,N4,ダイ;タイ,うてな;われ;つかさ
広,N4,コウ,ひろ.い;ひろ.まる;ひろ.める;ひろ.がる;ひろ.げる
道,N4,ドウ;トウ,みち;いう
安,N4,アン,やす.い;やす.まる;やす;やす.らか
重,N4,ジュウ;チョウ,え;おも.い;おも.り;おも.なう;かさ.ねる;かさ.なる;おも
赤,N4,セキ;シャク,あか;あか-;あか.い;あか.らむ;あか.らめる
青,N4,セイ;ショウ,あお;あお-;あお.い
工,N4,コウ;ク;グ,
止,N4,シ,と.まる;-ど.まり;と.める;-と.める;-ど.め;とど.める;とど.め;とど.まる;や.める;や.む;-や.む;よ.す;-さ.す;-さ.し
集,N4,シュウ,あつ.まる;あつ.める;つど.う
物,N4,ブツ;モツ,もの;もの-
切,N4,セツ;サイ,き.る;-き.る;き.り;-き.り;-ぎ.り;き.れる;-き.れる;き.れ;-き.れ;-ぎ.れ
使,N4,シ,つか.う;つか.い;-つか.い;-づか.い
品,N4,ヒン;ホン,しな
死,N4,シ,し.ぬ;し.に-
始,N4,シ,はじ.める;-はじ.める;はじ.まる
楽,N4,ガク;ラク;ゴウ,たの.しい;たの.しむ;この.む
運,N4,ウン,はこ.ぶ
少,N4,ショウ,すく.ない;すこ.し
終,N4,シュウ,お.わる;-お.わる;おわ.る;お.える;つい;つい.に
花,N4,カ;ケ,はな
住,N4,ジュウ;ヂュウ;チュウ,す.む;す.まう;-ず.まい
親,N4,シン,おや;おや-;した.しい;した.しむ
真,N4,シン,ま;ま-;まこと
有,N4,ユウ;ウ,あ.る
別,N4,ベツ,わか.れる;わ.ける
夕,N4,セキ,ゆう
急,N4,キュウ,いそ.ぐ;いそ.ぎ;せ.く
送,N4,ソウ,おく.る
特,N4,トク,
答,N4,トウ,こた.える;こた.え
夜,N4,ヤ,よ;よる
転,N4,テン,ころ.がる;ころ.げる;ころ.がす;ころ.ぶ;まろ.ぶ;うたた;うつ.る;くる.めく
店,N4,テン,みせ;たな
帰,N4,キ,かえ.る;かえ.す;おく.る;とつ.ぐ
研,N4,ケン,と.ぐ
歌,N4,カ,うた;うた.う
図,N4,ズ;ト,え;はか.る
室,N4,シツ,むろ
究,N4,キュウ;ク,きわ.める
歩,N4,ホ;ブ;フ,ある.く;あゆ.む
風,N4,フウ;フ,かぜ;かざ-
紙,N4,シ,かみ
起,N4,キ,お.きる;お.こる;お.こす;おこ.す;た.つ
着,N4,チャク;ジャク,き.る;き.せる;つ.く;つ.ける
黒,N4,コク,くろ;くろ.ずむ;くろ.い
病,N4,ビョウ;ヘイ,や.む;-や.み;やまい
春,N4,シュン,はる
待,N4,タイ,ま.つ;-ま.ち
族,N4,ゾク,
料,N4,リョウ,
銀,N4,ギン,しろがね
建,N4,ケン;コン,た.てる;た.て;-だ.て;た.つ
色,N4,ショク;シキ,いろ
走,N4,ソウ,はし.る
秋,N4,シュウ,あき;とき
医,N4,イ,い.やす;い.する;くすし
仕,N4,シ;ジ,つか.える
夏,N4,カ;ガ;ゲ,なつ
去,N4,キョ;コ,さ.る;-さ.る
味,N4,ミ,あじ;あじ.わう
犬,N4,ケン,いぬ;いぬ-
古,N4,コ,ふる.い;ふる-;-ふる.す
写,N4,シャ;ジャ,うつ.す;うつ.る;うつ-;うつ.し
買,N4,バイ,か.う
週,N4,シュウ,
私,N4,シ,わたくし;わたし
注,N4,チュウ,そそ.ぐ;さ.す;つ.ぐ
試,N4,シ,こころ.みる;ため.す
悪,N4,アク;オ,わる.い;わる-;あ.し;にく.い;-にく.い;ああ;いずくに;いずくんぞ;にく.む
験,N4,ケン;ゲン,あかし;しるし;ため.す;ためし
英,N4,エイ,はなぶさ
館,N4,カン,やかた;たて
屋,N4,オク,や
曜,N4,ヨウ,
質,N4,シツ;シチ;チ,たち;ただ.す;もと;わりふ
肉,N4,ニク,しし
鳥,N4,チョウ,とり
習,N4,シュウ;ジュ,なら.う;なら.い
冬,N4,トウ,ふゆ
昼,N4,チュウ,ひる
茶,N4,チャ;サ,
洋,N4,ヨウ,
弟,N4,テイ;ダイ;デ,おとうと
旅,N4,リョ,たび
牛,N4,ギュウ,うし
映,N4,エイ,うつ.る;うつ.す;は.える;-ば.え
兄,N4,ケイ;キョウ,あに
服,N4,フク,
妹,N4,マイ,いもうと
駅,N4,エキ,
姉,N4,シ,あね;はは
勉,N4,ベン,つと.める
魚,N4,ギョ,うお;さかな;-ざかな
借,N4,シャク,か.りる
飲,N4,イン;オン,の.む;-の.み
飯,N4,ハン,めし
漢,N4,カン,
貸,N4,タイ,か.す;か.し-;かし-
堂,N4,ドウ,
日,N5,ニチ;ジツ,ひ;-び;-か
一,N5,イチ;イツ,ひと-;ひと.つ
人,N5,ジン;ニン,ひと;-り;-と
国,N5,コク,くに
年,N5,ネン,とし
大,N5,ダイ;タイ,おお-;おお.きい;-おお.いに
十,N5,ジュウ;ジッ;ジュッ,とお;と;そ
二,N5,ニ;ジ,ふた;ふた.つ;ふたたび
本,N5,ホン,もと
中,N5,チュウ,なか;うち;あた.る
出,N5,シュツ;スイ,で.る;-で;だ.す;-だ.す;い.でる;い.だす
三,N5,サン;ゾウ,み;み.つ;みっ.つ
見,N5,ケン,み.る;み.える;み.せる
月,N5,ゲツ;ガツ,つき
長,N5,チョウ,なが.い;おさ
生,N5,セイ;ショウ,い.きる;い.かす;い.ける;う.まれる;うま.れる;う.まれ;うまれ;う.む;お.う;は.える;は.やす;き;なま;なま-;な.る;な.す;む.す;-う
五,N5,ゴ,いつ;いつ.つ
時,N5,ジ,とき;-どき
上,N5,ジョウ;ショウ;シャン,うえ;-うえ;うわ-;かみ;あ.げる;-あ.げる;あ.がる;-あ.がる;あ.がり;-あ.がり;のぼ.る;のぼ.り;のぼ.せる;のぼ.す;たてまつ.る
行,N5,コウ;ギョウ;アン,い.く;ゆ.く;-ゆ.き;-ゆき;-い.き;-いき;おこな.う;おこ.なう
四,N5,シ,よ;よ.つ;よっ.つ;よん
後,N5,ゴ;コウ,のち;うし.ろ;うしろ;あと;おく.れる
金,N5,キン;コン;ゴン,かね;かな-;-がね
前,N5,ゼン,まえ;-まえ
九,N5,キュウ;ク,ここの;ここの.つ
入,N5,ニュウ;ジュ,い.る;-い.る;-い.り;い.れる;-い.れ;はい.る
学,N5,ガク,まな.ぶ
間,N5,カン;ケン,あいだ;ま;あい
円,N5,エン,まる.い;まる;まど;まど.か;まろ.やか
子,N5,シ;ス;ツ,こ;-こ;ね
東,N5,トウ,ひがし
八,N5,ハチ;ハツ,や;や.つ;やっ.つ;よう
六,N5,ロク;リク,む;む.つ;むっ.つ;むい
下,N5,カ;ゲ,した;しも;もと;さ.げる;さ.がる;くだ.る;くだ.り;くだ.す;-くだ.す;くだ.さる;お.ろす;お.りる
今,N5,コン;キン,いま
気,N5,キ;ケ,いき;き
小,N5,ショウ,ちい.さい;こ-;お-;さ-
七,N5,シチ,なな;なな.つ;なの
高,N5,コウ,たか.い;たか;-だか;たか.まる;たか.める
山,N5,サン;セン,やま
女,N5,ジョ;ニョ;ニョウ,おんな;め
外,N5,ガイ;ゲ,そと;ほか;はず.す;はず.れる;と-
百,N5,ヒャク;ビャク,もも
先,N5,セン,さき;ま.ず
名,N5,メイ;ミョウ,な;-な
川,N5,セン,かわ
千,N5,セン,ち
来,N5,ライ;タイ,く.る;きた.る;きた.す;き.たす;き.たる;き;こ
水,N5,スイ,みず;みず-
男,N5,ダン;ナン,おとこ;お
話,N5,ワ,はな.す;はなし
校,N5,コウ;キョウ,
北,N5,ホク,きた
土,N5,ド;ト,つち
午,N5,ゴ,うま
木,N5,ボク;モク,き;こ-
車,N5,シャ,くるま
書,N5,ショ,か.く;-が.き;-がき
半,N5,ハン,なか.ば
白,N5,ハク;ビャク,しろ;しら-;しろ.い
天,N5,テン,あまつ;あめ;あま-
西,N5,セイ;サイ;ス,にし
電,N5,デン,
火,N5,カ,ひ;-び;ほ-
右,N5,ウ;ユウ,みぎ
語,N5,ゴ,かた.る;かた.らう
左,N5,サ;シャ,ひだり
聞,N5,ブン;モン,き.く;き.こえる
休,N5,キュウ,やす.む;やす.まる;やす.める
食,N5,ショク;ジキ,く.う;く.らう;た.べる;は.む
何,N5,カ,なに;なん;なに-;なん-
南,N5,ナン;ナ,みなみ
万,N5,マン;バン,よろず
毎,N5,マイ,ごと;-ごと.に
雨,N5,ウ,あめ;あま-;-さめ
母,N5,ボ,はは;も
読,N5,ドク;トク;トウ,よ.む;-よ.み
友,N5,ユウ,とも
父,N5,フ,ちち
